leadscope_id	drugcentral_name	drugcentral_id	drugcentral_smiles	leadscope_smiles
LS-1				CCCC[C@@H](C)[C@@H](OC(=O)C[C@@H](CC(O)=O)C(O)=O)[C@H](C[C@@H](C)C[C@H](O)CCCC[C@@H](O)C[C@H](O)[C@H](C)N)OC(=O)C[C@@H](CC(O)=O)C(O)=O
LS-2				[Na+].[O-]N=O
LS-8				OCCO
LS-26				Cc1ccccc1
LS-34	phenytoin	2152	c1ccc(cc1)C2(C(=O)NC(=O)N2)c3ccccc3	O=C1NC(=O)C(N1)(c1ccccc1)c1ccccc1
LS-46	sulfasalazine	2525	c1ccnc(c1)NS(=O)(=O)c2ccc(cc2)/N=N/c3ccc(c(c3)C(=O)O)O	OC(=O)c1cc(ccc1O)N=Nc1ccc(cc1)S(=O)(=O)Nc1ccccn1
LS-48	primidone	2267	CCC1(C(=O)NCNC1=O)c2ccccc2	CCC1(C(=O)NCNC1=O)c1ccccc1
LS-51				[Na+].[Na+].[Na+].[Na+].Nc1cc(cc2cc(c(\N=N\c3ccc(cc3)-c3ccc(cc3)\N=N\c3c(O)c4c(N)cc(cc4cc3[S]([O-])(=O)=O)[S]([O-])(=O)=O)c(O)c12)[S]([O-])(=O)=O)[S]([O-])(=O)=O
LS-58				Clc1ccc(Cl)cc1
LS-63	tetracycline	2611	C[C@]1(c2cccc(c2C(=O)C3=C([C@]4([C@@H](C[C@@H]31)[C@@H](C(=C(C4=O)C(=O)N)O)N(C)C)O)O)O)O	Cl.CN(C)[C@H]1[C@@H]2C[C@H]3C(=C(O)[C@]2(O)C(=O)C(C(N)=O)=C1O)C(=O)c1c(O)cccc1[C@@]3(C)O
LS-68	methoxsalen	30	COc1c2c(ccc(=O)o2)cc3c1occ3	COc1c2occc2cc2ccc(=O)oc12
LS-71	phenylbutazone	2145	CCCCC1C(=O)N(N(C1=O)c2ccccc2)c3ccccc3	CCCCC1C(=O)N(N(C1=O)c1ccccc1)c1ccccc1
LS-75				S=C1NCCN1
LS-91				[S-]C(=S)NCCNC1=[S][Zn++][S-]1
LS-96	procarbazine	2272	CC(C)NC(=O)c1ccc(cc1)CNNC	Cl.CNNCc1ccc(cc1)C(=O)NC(C)C
LS-101				
LS-102	ifosfamide	1421	C1CN(P(=O)(OC1)NCCCl)CCCl	ClCCNP1(=O)OCCCN1CCCl
LS-115	methamphetamine	1732	C[C@@H](Cc1ccccc1)NC	Cl.CNC(C)Cc1ccccc1
LS-118				C[C@H](CCC(O)=O)[C@H]1CC[C@H]2[C@@H]3CC[C@@H]4C[C@H](O)CC[C@]4(C)[C@H]3CC[C@]12C
LS-119				CN(C)\N=N\c1[nH]cnc1C(N)=O
LS-122	diazepam	852	CN1c2ccc(cc2C(=NCC1=O)c3ccccc3)Cl	CN1c2ccc(Cl)cc2C(=NCC1=O)c1ccccc1
LS-123				Cn1cnc(c1Sc1ncnc2nc[nH]c12)[N+]([O-])=O
LS-135	phenobarbital	2134	CCC1(C(=O)NC(=O)NC1=O)c2ccccc2	CCC1(C(=O)NC(=O)NC1=O)c1ccccc1
LS-137	estradiol	1057	C[C@]12CC[C@@H]3c4ccc(cc4CC[C@H]3[C@@H]1CC[C@@H]2O)O	C[C@]12CC[C@H]3[C@@H](CCc4cc(O)ccc34)[C@@H]1CC[C@@H]2O
LS-139				c1ccc2c(c1)cc1ccc3cccc4ccc2c1c34
LS-140	thalidomide	2616	c1ccc2c(c1)C(=O)N(C2=O)C3CCC(=O)NC3=O	O=C1N(C2CCC(=O)NC2=O)C(=O)c2ccccc12
LS-141				S=c1[nH]cnc2[nH]cnc12
LS-142	dactinomycin	774	Cc1ccc(c2c1oc-3c(c(=O)c(c(c3n2)C(=O)N[C@H]4[C@H](OC(=O)[C@@H](N(C(=O)CN(C(=O)[C@@H]5CCCN5C(=O)[C@H](NC4=O)C(C)C)C)C)C(C)C)C)N)C)C(=O)N[C@H]6[C@H](OC(=O)[C@@H](N(C(=O)CN(C(=O)[C@@H]7CCCN7C(=O)[C@H](NC6=O)C(C)C)C)C)C(C)C)C	CC(C)C1NC(=O)C(NC(=O)c2ccc(C)c3oc4c(C)c(=O)c(N)c(C(=O)NC5C(C)OC(=O)C(C(C)C)N(C)C(=O)CN(C)C(=O)C6CCCN6C(=O)C(NC5=O)C(C)C)c4nc23)C(C)OC(=O)C(C(C)C)N(C)C(=O)CN(C)C(=O)C2CCCN2C1=O
LS-143	acetylsalicylic acid	74	CC(=O)Oc1ccccc1C(=O)O	CC(=O)Oc1ccccc1C(O)=O
LS-145	ascorbic acid	4072	C([C@@H]([C@@H]1C(=C(C(=O)O1)O)O)O)O	OC[C@H](O)[C@H]1OC(=O)C(O)=C1O
LS-152	tretamine	2739	C1CN1c2nc(nc(n2)N3CC3)N4CC4	C1CN1c1nc(nc(n1)N1CC1)N1CC1
LS-153	fluorouracil	26	c1c(c(=O)[nH]c(=O)[nH]1)F	Fc1c[nH]c(=O)[nH]c1=O
LS-156	epinephrine	1028	CNC[C@@H](c1ccc(c(c1)O)O)O	CNC[C@H](O)c1ccc(O)c(O)c1
LS-158	propylthiouracil	2308	CCCc1cc(=O)[nH]c(=S)[nH]1	CCCc1cc(=O)[nH]c(=S)[nH]1
LS-170	thiotepa	2638	C1CN1P(=S)(N2CC2)N3CC3	S=P(N1CC1)(N1CC1)N1CC1
LS-171	codeine	725	CN1CC[C@]23c4c5ccc(c4O[C@H]2[C@H](C=C[C@H]3[C@H]1C5)O)OC	OP(O)(O)=O.COc1ccc2C[C@@H]3[C@@H]4C=C[C@H](O)[C@@H]5Oc1c2[C@]45CCN3C
LS-174	verapamil	2815	CC(C)C(CCCN(C)CCc1ccc(c(c1)OC)OC)(C#N)c2ccc(c(c2)OC)OC	COc1ccc(CCN(C)CCCC(C#N)(C(C)C)c2ccc(OC)c(OC)c2)cc1OC
LS-175	metrifonate	1787	COP(=O)(C(C(Cl)(Cl)Cl)O)OC	COP(=O)(OC)C(O)C(Cl)(Cl)Cl
LS-185	mitotane	1820	c1ccc(c(c1)C(c2ccc(cc2)Cl)C(Cl)Cl)Cl	ClC(Cl)C(c1ccc(Cl)cc1)c1ccccc1Cl
LS-187	indomethacin	1440	Cc1c(c2cc(ccc2n1C(=O)c3ccc(cc3)Cl)OC)CC(=O)O	COc1ccc2n(C(=O)c3ccc(Cl)cc3)c(C)c(CC(O)=O)c2c1
LS-188				CC(=O)Nc1ccc-2c(Cc3ccccc-23)c1
LS-190				Nc1ccc(N)c(c1)[N+]([O-])=O
LS-199	ethionamide	1083	CCc1cc(ccn1)C(=S)N	CCc1cc(ccn1)C(N)=S
LS-202	nicotine	1920	CN1CCC[C@H]1c2cccnc2	CN1CCC[C@H]1c1cccnc1
LS-203	salicylic acid	2416	c1ccc(c(c1)C(=O)O)O	[Na+].Oc1ccccc1C([O-])=O
LS-205	isoniazid	1497	c1cnccc1C(=O)NN	NNC(=O)c1ccncc1
LS-211				ClC(Cl)(Cl)C#N
LS-216	methyldopa	1762	C[C@](Cc1ccc(c(c1)O)O)(C(=O)O)N	C[C@](N)(Cc1ccc(O)c(O)c1)C(O)=O
LS-220	diethylstilbestrol	875	CC/C(=C(/CC)\c1ccc(cc1)O)/c2ccc(cc2)O	CC\C(=C(\CC)c1ccc(O)cc1)c1ccc(O)cc1
LS-225	chloramphenicol	589	c1cc(ccc1[C@H]([C@@H](CO)NC(=O)C(Cl)Cl)O)[N+](=O)[O-]	OC[C@@H](NC(=O)C(Cl)Cl)[C@H](O)c1ccc(cc1)[N+]([O-])=O
LS-228				CC[C@]1(O)C[C@@H]2C[N@](C1)CCc1c([nH]c3ccccc13)[C@@](C2)(C(=O)OC)c1cc2c(cc1OC)N(C=O)[C@@H]1[C@]22CCN3CC=C[C@](CC)([C@@H]23)[C@@H](OC(C)=O)[C@]1(O)C(=O)OC
LS-229	sucrose	4610	C([C@@H]1[C@H]([C@@H]([C@H]([C@H](O1)O[C@]2([C@H]([C@@H]([C@H](O2)CO)O)O)CO)O)O)O)O	OC[C@H]1O[C@@](CO)(O[C@H]2O[C@H](CO)[C@@H](O)[C@H](O)[C@H]2O)[C@@H](O)[C@@H]1O
LS-231	ethinylestradiol	1082	C[C@]12CC[C@@H]3c4ccc(cc4CC[C@H]3[C@@H]1CC[C@]2(C#C)O)O	C[C@]12CC[C@H]3[C@@H](CCc4cc(O)ccc34)[C@@H]1CC[C@@]2(O)C#C
LS-234	progesterone	2279	CC(=O)[C@H]1CC[C@@H]2[C@@]1(CC[C@H]3[C@H]2CCC4=CC(=O)CC[C@]34C)C	CC(=O)[C@H]1CC[C@H]2[C@@H]3CCC4=CC(=O)CC[C@]4(C)[C@H]3CC[C@]12C
LS-235				Cc1c2ccccc2c(C)c2c1ccc1ccccc21
LS-236				[Na+].[Na+].Nc1c(cc(c2ccccc12)S([O-])(=O)=O)\N=N\c1ccc(cc1)-c1ccc(cc1)\N=N\c1cc(c2ccccc2c1N)S([O-])(=O)=O
LS-237	caffeine	463	Cn1cnc2c1c(=O)n(c(=O)n2C)C	Cn1cnc2n(C)c(=O)n(C)c(=O)c12
LS-238	pyrimethamine	2332	CCc1c(c(nc(n1)N)N)c2ccc(cc2)Cl	CCc1nc(N)nc(N)c1-c1ccc(Cl)cc1
LS-249	methotrexate	1751	CN(Cc1cnc2c(n1)c(nc(n2)N)N)c3ccc(cc3)C(=O)N[C@@H](CCC(=O)O)C(=O)O	CN(Cc1cnc2nc(N)nc(N)c2n1)c1ccc(cc1)C(=O)N[C@@H](CCC(O)=O)C(O)=O
LS-250	broxuridine	3042	c1c(c(=O)[nH]c(=O)n1[C@H]2C[C@@H]([C@H](O2)CO)O)Br	OC[C@H]1O[C@H](C[C@@H]1O)n1cc(Br)c(=O)[nH]c1=O
LS-255	levodopa	1567	c1cc(c(cc1C[C@@H](C(=O)O)N)O)O	N[C@@H](Cc1ccc(O)c(O)c1)C(O)=O
LS-257	ciclosporin	760	CC[C@H]1C(=O)N(CC(=O)N([C@H](C(=O)N[C@H](C(=O)N([C@H](C(=O)N[C@H](C(=O)N[C@@H](C(=O)N([C@H](C(=O)N([C@H](C(=O)N([C@H](C(=O)N([C@H](C(=O)N1)[C@@H]([C@H](C)C/C=C/C)O)C)C(C)C)C)CC(C)C)C)CC(C)C)C)C)C)CC(C)C)C)C(C)C)CC(C)C)C)C	CC[C@@H]1NC(=O)[C@H]([C@H](O)[C@H](C)C\C=C\C)N(C)C(=O)[C@H](C(C)C)N(C)C(=O)[C@H](CC(C)C)N(C)C(=O)[C@H](CC(C)C)N(C)C(=O)[C@@H](C)NC(=O)[C@H](C)NC(=O)[C@H](CC(C)C)N(C)C(=O)[C@@H](NC(=O)[C@H](CC(C)C)N(C)C(=O)CN(C)C1=O)C(C)C
LS-263				ClC1=C(Cl)[C@]2(Cl)[C@@H]3[C@@H]4C[C@@H]([C@H]5O[C@@H]45)[C@@H]3[C@@]1(Cl)C2(Cl)Cl
LS-265	cyclophosphamide	758	C1CNP(=O)(OC1)N(CCCl)CCCl	O.ClCCN(CCCl)P1(=O)NCCCO1
LS-267	papaverine	2056	COc1ccc(cc1OC)Cc2c3cc(c(cc3ccn2)OC)OC	Cl.COc1ccc(Cc2nccc3cc(OC)c(OC)cc23)cc1OC
LS-271				COP(=O)(OC)OC=C(Cl)Cl
LS-272	carbaryl	3066	CNC(=O)Oc1cccc2c1cccc2	CNC(=O)Oc1cccc2ccccc12
LS-274	sulfanilamide	2521	c1cc(ccc1N)S(=O)(=O)N	Nc1ccc(cc1)S(N)(=O)=O
LS-278	tolbutamide	2696	CCCCNC(=O)NS(=O)(=O)c1ccc(cc1)C	CCCCNC(=O)NS(=O)(=O)c1ccc(C)cc1
LS-279	colchicine	726	CC(=O)N[C@H]1CCc2cc(c(c(c2-c3c1cc(=O)c(cc3)OC)OC)OC)OC	COc1cc2CC[C@H](NC(C)=O)c3cc(=O)c(OC)ccc3-c2c(OC)c1OC
LS-291				[O-][N+](=O)c1ccc(Cl)cc1
LS-321	boric acid	3035	B(O)(O)O	OB(O)O
LS-322	chromic chloride	5118	Cl[Cr](Cl)Cl	O.O.O.O.O.O.Cl[Cr](Cl)Cl
LS-346				Cl[Cd]Cl
LS-372				Nc1nc(=O)n(cc1F)[C@H]1CC(O)[C@@H](CO)O1
LS-386				CCOC(=O)NC
LS-388				CCOC(=O)OCC
LS-418				COC(=O)Nc1nc2ccccc2[nH]1
LS-421				CCCC[Sn](CCCC)(OC(C)=O)OC(C)=O
LS-428				CCC#N
LS-429				C=CC#N
LS-430				ClCC#N
LS-445				OC(=O)CNCP(O)(O)=O
LS-453				CC(C)CC(C)=O
LS-469				Nc1nc(N)nc(N)n1
LS-485				CCCCN
LS-490				COCCO
LS-494	methadone	1728	CCC(=O)C(CC(C)N(C)C)(c1ccccc1)c2ccccc2	Cl.CCC(=O)C(CC(C)N(C)C)(c1ccccc1)c1ccccc1
LS-510				N#CCCC#N
LS-514				COCCOC
LS-515				CCOCCO
LS-527				CCOCCOC(C)=O
LS-529	glutaral	3267	C(CC=O)CC=O	O=CCCCC=O
LS-531				NCCNCCO
LS-539				CCCCOCCO
LS-540				COCCOCCO
LS-542				CCOCCOCCO
LS-544				COCCOCCOC
LS-567	scopolamine	2424	CN1[C@H]2C[C@H](C[C@@H]1[C@@H]3[C@H]2O3)OC(=O)[C@H](CO)c4ccccc4	Br.CN1[C@H]2C[C@H](C[C@H]1[C@@H]1O[C@H]21)OC(=O)C(CO)c1ccccc1
LS-572				C[Hg]Cl
LS-574				ClC1=C(Cl)C2(Cl)C3COS(=O)OCC3C1(Cl)C2(Cl)Cl
LS-584				COc1cc2O[C@H]3OC=C[C@H]3c2c2oc(=O)c3C(=O)CCc3c12
LS-589	quercetin	3514	c1cc(c(cc1c2c(c(=O)c3c(cc(cc3o2)O)O)O)O)O	Oc1cc(O)c2c(c1)oc(-c1ccc(O)c(O)c1)c(O)c2=O
LS-592				CCCCC(CC)COC(=O)c1ccccc1C(=O)OCC(CC)CCCC
LS-593				COCCOC(=O)c1ccccc1C(=O)OCCOC
LS-599	phenyl salicylate	3462	c1ccc(cc1)OC(=O)c2ccccc2O	Oc1ccccc1C(=O)Oc1ccccc1
LS-603				Clc1c(Cl)c(Cl)c(Cl)c(Cl)c1Cl
LS-609				[OH-].C[Hg+]
LS-616	methyl salicylate	4245	COC(=O)c1ccccc1O	COC(=O)c1ccccc1O
LS-659				OC(=O)c1cccc(c1)[N+]([O-])=O
LS-676				Nc1ccc(O)cc1
LS-680				CNC=O
LS-698	triamcinolone	2725	C[C@]12C[C@@H]([C@]3([C@H]([C@@H]1C[C@H]([C@@]2(C(=O)CO)O)O)CCC4=CC(=O)C=C[C@@]43C)F)O	C[C@]12C[C@H](O)[C@@]3(F)[C@@H](CCC4=CC(=O)C=C[C@]34C)[C@@H]1C[C@@H](O)[C@]2(O)C(=O)CO
LS-702	griseofulvin	1331	C[C@@H]1CC(=O)C=C([C@]12C(=O)c3c(cc(c(c3O2)Cl)OC)OC)OC	COC1=CC(=O)C[C@@H](C)[C@]11Oc2c(C1=O)c(OC)cc(OC)c2Cl
LS-707				ClC(=C)C=C
LS-709	hydroxycarbamide	1399	C(=O)(N)NO	NC(=O)NO
LS-711				CN(C)C(C)=O
LS-712	retinol acetate	2372	CC1=C(C(CCC1)(C)C)/C=C/C(=C/C=C/C(=C/COC(=O)C)/C)/C	CC(=O)OC\C=C(/C)\C=C\C=C(/C)\C=C\C1=C(C)CCCC1(C)C
LS-728	lomustine	1596	C1CCC(CC1)NC(=O)N(CCCl)N=O	ClCCN(N=O)C(=O)NC1CCCCC1
LS-731				C=CC(=O)OCCCCCCOC(=O)C=C
LS-732				O=[Cd]
LS-761				[O--].[O--].[O--].[As+3].[As+3]
LS-764				ClC(Cl)(Cl)SN1C(=O)C2CC=CCC2C1=O
LS-769				O=[Cr](=O)=O
LS-771				
LS-784				[O-]1N2C=CC=CC2=[S][Zn++]11[O-]N2C=CC=CC2=[S]1
LS-786				[Te]
LS-803	thiram	3601	CN(C)C(=S)SSC(=S)N(C)C	CN(C)C(=S)SSC(=S)N(C)C
LS-804				[Zn++].CN(C)C([S-])=S.CN(C)C([S-])=S
LS-805	lidocaine	1579	CCN(CC)CC(=O)Nc1c(cccc1C)C	CCN(CC)CC(=O)Nc1c(C)cccc1C
LS-809				[O-][N+](=O)\N=C1/NCCN1Cc1ccc(Cl)nc1
LS-835				Cl.Nc1ccccc1
LS-838	glutamic acid	1310	C(CC(=O)O)[C@@H](C(=O)O)N	[Na+].N[C@@H](CCC(O)=O)C([O-])=O
LS-848				[Na+].[C-]#N
LS-849				ClC12C(=O)C3(Cl)C4(Cl)C1(Cl)C1(Cl)C2(Cl)C3(Cl)C4(Cl)C1(Cl)Cl
LS-859				CC1=CC(C)(C)Nc2ccccc12
LS-860	cytarabine	770	c1cn(c(=O)nc1N)[C@H]2[C@H]([C@@H]([C@H](O2)CO)O)O	Nc1ccn([C@@H]2O[C@H](CO)[C@@H](O)[C@@H]2O)c(=O)n1
LS-869				CCCCC(CC)C(O)=O
LS-881	halothane	1356	C(C(F)(F)F)(Cl)Br	FC(F)(F)C(Cl)Br
LS-890	carmustine	512	C(CCl)NC(=O)N(CCCl)N=O	ClCCNC(=O)N(CCCl)N=O
LS-901				[NH3][Pt++]([NH3])([Cl-])[Cl-]
LS-918				CCOC(=O)CC(SP(=O)(OC)OC)C(=O)OCC
LS-938				Clc1cc2Oc3cc(Cl)c(Cl)cc3Oc2cc1Cl
LS-944				CCCCNC(=O)n1c(NC(=O)OC)nc2ccccc12
LS-946				C[C@H]1CCCC(=O)CCC\C=C\c2cc(O)cc(O)c2C(=O)O1
LS-951				[O-][N+](=O)c1ccc(Oc2ccc(Cl)cc2Cl)cc1
LS-957				CN(N=O)C(=O)N[C@@H](C=O)[C@@H](O)[C@H](O)[C@H](O)CO
LS-961				[Cl-].[Cl-].C[n+]1ccc(cc1)-c1cc[n+](C)cc1
LS-962				CCNc1nc(Cl)nc(NC(C)C)n1
LS-975	dronabinol	4109	CCCCCc1cc(c2c(c1)OC([C@H]3[C@H]2C=C(CC3)C)(C)C)O	CCCCCc1cc(O)c2[C@@H]3C=C(C)CC[C@H]3C(C)(C)Oc2c1
LS-997	daunorubicin	786	C[C@H]1[C@H]([C@H](C[C@@H](O1)O[C@H]2C[C@@](Cc3c2c(c4c(c3O)C(=O)c5cccc(c5C4=O)OC)O)(C(=O)C)O)N)O	COc1cccc2C(=O)c3c(O)c4C[C@](O)(C[C@H](O[C@H]5C[C@H](N)[C@H](O)[C@H](C)O5)c4c(O)c3C(=O)c12)C(C)=O
LS-1002				[O-]\[N+](=N/c1ccc(Cl)c(Cl)c1)c1ccc(Cl)c(Cl)c1
LS-1012	nifedipine	1922	CC1=C(C(C(=C(N1)C)C(=O)OC)c2ccccc2[N+](=O)[O-])C(=O)OC	COC(=O)C1=C(C)NC(C)=C(C1c1ccccc1[N+]([O-])=O)C(=O)OC
LS-1029	doxorubicin	960	C[C@H]1[C@H]([C@H](C[C@@H](O1)O[C@H]2C[C@@](Cc3c2c(c4c(c3O)C(=O)c5cccc(c5C4=O)OC)O)(C(=O)CO)O)N)O	COc1cccc2C(=O)c3c(O)c4C[C@](O)(C[C@H](O[C@H]5C[C@H](N)[C@H](O)[C@H](C)O5)c4c(O)c3C(=O)c12)C(=O)CO
LS-1030	hycanthone	1383	CCN(CC)CCNc1ccc(c2c1c(=O)c3ccccc3s2)CO	CS(O)(=O)=O.CCN(CC)CCNc1ccc(CO)c2sc3ccccc3c(=O)c12
LS-1031	decitabine	790	c1nc(nc(=O)n1[C@H]2C[C@@H]([C@H](O2)CO)O)N	Nc1ncn([C@H]2C[C@H](O)[C@@H](CO)O2)c(=O)n1
LS-1035				ClC12C3(Cl)C4(Cl)C5(Cl)C(Cl)(C1(Cl)C4(Cl)Cl)C2(Cl)C(Cl)(Cl)C35Cl
LS-1044				[Na+].[Na+].[Na+].[Na+].COc1cc(ccc1\N=N\c1c(O)c2c(N)cc(cc2cc1[S]([O-])(=O)=O)[S]([O-])(=O)=O)-c1ccc(\N=N\c2c(O)c3c(N)cc(cc3cc2[S]([O-])(=O)=O)[S]([O-])(=O)=O)c(OC)c1
LS-1082				BrC1CC(Br)CC(Br)CC(Br)CC(Br)CC(Br)C1
LS-1095				[Na+].[Na+].[Na+].[Na+].COc1cc(ccc1\N=N\c1ccc2c(cc(c(N)c2c1O)[S]([O-])(=O)=O)[S]([O-])(=O)=O)-c1ccc(\N=N\c2ccc3c(cc(c(N)c3c2O)[S]([O-])(=O)=O)[S]([O-])(=O)=O)c(OC)c1
LS-1114				CC1=CC(C)(C)Nc2ccccc12
LS-1130				CC(C)CCCCCCOC(=O)c1ccccc1C(=O)OCCCCCCC(C)C
LS-1137				CCOP(=S)(OCC)Oc1nc(Cl)c(Cl)cc1Cl
LS-1143				COP(=S)(OC)Oc1ccc(cc1)[N+]([O-])=O
LS-1149			CC(=O)O	[Pb++].CC([O-])=O.CC([O-])=O
LS-1152				ClC(Cl)C#N
LS-1153				NN
LS-1154	tretinoin	2722	CC1=C(C(CCC1)(C)C)/C=C/C(=C/C=C/C(=C/C(=O)O)/C)/C	C\C(\C=C\C1=C(C)CCCC1(C)C)=C/C=C/C(/C)=C/C(O)=O
LS-1157				C[C@@H]1Cc2c(Cl)cc(C(=O)N[C@@H](Cc3ccccc3)C(O)=O)c(O)c2C(=O)O1
LS-1158	chlorambucil	588	c1cc(ccc1CCCC(=O)O)N(CCCl)CCCl	OC(=O)CCCc1ccc(cc1)N(CCCl)CCCl
LS-1159	zidovudine	2861	Cc1cn(c(=O)[nH]c1=O)[C@H]2C[C@@H]([C@H](O2)CO)N=[N+]=[N-]	Cc1cn([C@H]2C[C@H](N=[N+]=[N-])[C@@H](CO)O2)c(=O)[nH]c1=O
LS-1176	evans blue	3217	Cc1cc(ccc1/N=N/c2ccc3c(cc(c(c3c2O)N)S(=O)(=O)O)S(=O)(=O)O)c4ccc(c(c4)C)/N=N/c5ccc6c(cc(c(c6c5O)N)S(=O)(=O)O)S(=O)(=O)O	[Na+].[Na+].[Na+].[Na+].Cc1cc(ccc1N=Nc1ccc2c(cc(c(N)c2c1O)S([O-])(=O)=O)S([O-])(=O)=O)-c1ccc(N=Nc2ccc3c(cc(c(N)c3c2O)S([O-])(=O)=O)S([O-])(=O)=O)c(C)c1
LS-1181				Clc1ccc(cc1Cl)-c1cc(Cl)c(Cl)cc1Cl
LS-1189	azacitidine	25	c1nc(nc(=O)n1[C@H]2[C@@H]([C@@H]([C@H](O2)CO)O)O)N	Nc1ncn([C@@H]2O[C@H](CO)[C@@H](O)[C@H]2O)c(=O)n1
LS-1214	etoposide	1112	C[C@@H]1OC[C@@H]2[C@@H](O1)[C@@H]([C@H]([C@@H](O2)O[C@@H]3c4cc5c(cc4[C@H]([C@@H]6[C@@H]3COC6=O)c7cc(c(c(c7)OC)O)OC)OCO5)O)O	COc1cc(cc(OC)c1O)[C@H]1[C@@H]2[C@H](COC2=O)[C@H](O[C@@H]2O[C@@H]3CO[C@@H](C)O[C@H]3[C@H](O)[C@H]2O)c2cc3OCOc3cc12
LS-1217				Clc1ccc2Oc3cc(Cl)ccc3Oc2c1
LS-1220				O.O.O.FC(F)(F)C(=O)C(F)(F)F
LS-1225				Clc1cc(Cl)c(cc1Cl)-c1cc(Cl)c(Cl)cc1Cl
LS-1241	ribavirin	2373	c1nc(nn1[C@H]2[C@@H]([C@@H]([C@H](O2)CO)O)O)C(=O)N	NC(=O)c1ncn(n1)[C@@H]1O[C@H](CO)[C@@H](O)[C@H]1O
LS-1260				CCCCC(CC)COC(=O)c1ccccc1C(O)=O
LS-1264	metronidazole	1790	Cc1ncc(n1CCO)[N+](=O)[O-]	Cc1ncc(n1CCO)[N+]([O-])=O
LS-1266				Oc1ccc(cc1)-c1coc2cc(O)cc(O)c2c1=O
LS-1285				Oc1cc2c3c(oc(=O)c4cc(O)c(O)c(oc2=O)c34)c1O
LS-1295	mitobronitol	858	C([C@H]([C@H]([C@@H]([C@@H](CBr)O)O)O)O)Br	O[C@H](CBr)[C@@H](O)[C@H](O)[C@H](O)CBr
LS-1302	cyclophosphamide	758	C1CNP(=O)(OC1)N(CCCl)CCCl	ClCCN(CCCl)P1(=O)NCCCO1
LS-1306				CO[C@H]1[C@@H](C[C@@H]2CN3CCc4c([nH]c5cc(OC)ccc45)[C@H]3C[C@@H]2[C@@H]1C(=O)OC)OC(=O)c1cc(OC)c(OC)c(OC)c1
LS-1317				CCOC(N)=O
LS-1329	melphalan	1678	c1cc(ccc1C[C@@H](C(=O)O)N)N(CCCl)CCCl	NC(Cc1ccc(cc1)N(CCCl)CCCl)C(O)=O
LS-1352				CCN(CC)N=O
LS-1354	epinephrine	1028	CNC[C@@H](c1ccc(c(c1)O)O)O	Cl.CNC[C@H](O)c1ccc(O)c(O)c1
LS-1357	mechlorethamine	1647	CN(CCCl)CCCl	Cl.CN(CCCl)CCCl
LS-1358	busulfan	438	CS(=O)(=O)OCCCCOS(=O)(=O)C	CS(=O)(=O)OCCCCOS(C)(=O)=O
LS-1374				CCCC[Sn](CCCC)(CCCC)O[Sn](CCCC)(CCCC)CCCC
LS-1401				Clc1ccc(cc1Cl)-c1cc(Cl)c(Cl)c(Cl)c1
LS-1415				CC(=O)OC\N=[N+](/C)[O-]
LS-1450			CC(=O)O	O.O.O.[Pb++].CC([O-])=O.CC([O-])=O
LS-1465				CCN(N=O)c1ccccc1
LS-1478				CC(=O)O[Hg]c1ccccc1
LS-1481				NC(N)=S
LS-1515	phenylalanine	2144	c1ccc(cc1)C[C@@H](C(=O)O)N	N[C@@H](Cc1ccccc1)C(O)=O
LS-1539				CCO
LS-1542	morphine	1845	CN1CC[C@]23c4c5ccc(c4O[C@H]2[C@H](C=C[C@H]3[C@H]1C5)O)O	[O-]S([O-])(=O)=O.C[N@@H+]1CC[C@]23C4Oc5c2c(C[C@H]1[C@H]3C=C[C@H]4O)ccc5O.C[N@@H+]1CC[C@]23C4Oc5c2c(C[C@H]1[C@H]3C=C[C@H]4O)ccc5O
LS-1556	salicylamide	2415	c1ccc(c(c1)C(=O)N)O	NC(=O)c1ccccc1O
LS-1558				C[C@H]1C[C@H](C)C(=O)[C@@H](C1)[C@H](O)CC1CC(=O)NC(=O)C1
LS-1563	choline	3097	C[N+](C)(C)CCO	[Cl-].C[N+](C)(C)CCO
LS-1564				CO
LS-1568	dimethyl sulfoxide	906	CS(=O)C	CS(C)=O
LS-1573				
LS-1577				CN(C)C=O
LS-1578	retinol	2831	CC1=C(C(CCC1)(C)C)/C=C/C(=C/C=C/C(=C/CO)/C)/C	C\C(=C/CO)\C=C\C=C(/C)\C=C\C1=C(C)CCCC1(C)C
LS-1582				CN(N=O)C(N)=O
LS-1585	chlorpromazine	621	CN(C)CCCN1c2ccccc2Sc3c1cc(cc3)Cl	Cl.CN(C)CCCN1c2ccccc2Sc2ccc(Cl)cc12
LS-1596				CN(N=O)C(=N)N[N+]([O-])=O
LS-1597	hexachlorophene	1364	c1c(c(c(c(c1Cl)Cl)Cc2c(c(cc(c2Cl)Cl)Cl)O)O)Cl	Oc1c(Cl)cc(Cl)c(Cl)c1Cc1c(O)c(Cl)cc(Cl)c1Cl
LS-1605				c1ccccc1
LS-1606				CC(Cl)(Cl)Cl
LS-1613				ClC1=C(Cl)[C@]2(Cl)[C@@H]3[C@H]4C[C@H]([C@@H]5O[C@H]45)[C@@H]3[C@@]1(Cl)C2(Cl)Cl
LS-1614				COc1ccc(cc1)C(c1ccc(OC)cc1)C(Cl)(Cl)Cl
LS-1618	trypan blue	4608	Cc1cc(ccc1/N=N/c2c(cc3cc(cc(c3c2O)N)S(=O)(=O)O)S(=O)(=O)O)c4ccc(c(c4)C)/N=N/c5c(cc6cc(cc(c6c5O)N)S(=O)(=O)O)S(=O)(=O)O	[Na+].[Na+].[Na+].[Na+].Cc1cc(ccc1\N=N\c1c(O)c2c(N)cc(cc2cc1S([O-])(=O)=O)S([O-])(=O)=O)-c1ccc(\N=N\c2c(O)c3c(N)cc(cc3cc2S([O-])(=O)=O)S([O-])(=O)=O)c(C)c1
LS-1633				CCl
LS-1638				[Pb]
LS-1639				[Cd]
LS-1642				Cl[Al](Cl)Cl
LS-1644				[Li+].[Cl-]
LS-1646	mercuric chloride	4787	Cl[Hg]Cl	Cl[Hg]Cl
LS-1653				CC#N
LS-1654				CC=O
LS-1671	cacodylic acid	3058	C[As](=O)(C)O	C[As](C)(O)=O
LS-1685				CCN(N=O)C(N)=O
LS-1688	trichloroacetic acid	3627	C(=O)(C(Cl)(Cl)Cl)O	OC(=O)C(Cl)(Cl)Cl
LS-1692	triamcinolone acetonide	2726	CC1(O[C@@H]2C[C@H]3[C@@H]4CCC5=CC(=O)C=C[C@@]5([C@]4([C@H](C[C@@]3([C@@]2(O1)C(=O)CO)C)O)F)C)C	CC1(C)O[C@@H]2C[C@H]3[C@@H]4CCC5=CC(=O)C=C[C@]5(C)[C@@]4(F)[C@@H](O)C[C@]3(C)[C@@]2(O1)C(=O)CO
LS-1694				ClC1C=CC2C1C1(Cl)C(Cl)=C(Cl)C2(Cl)C1(Cl)Cl
LS-1695	codeine	725	CN1CC[C@]23c4c5ccc(c4O[C@H]2[C@H](C=C[C@H]3[C@H]1C5)O)OC	COc1ccc2C[C@@H]3[C@@H]4C=C[C@H](O)[C@@H]5Oc1c2[C@]45CCN3C
LS-1705				[F-].[Na+]
LS-1723				[Na+].[O-][Cl]=O
LS-1729				[Na+].[Na+].O[As]([O-])([O-])=O
LS-1730				[K+].[K+].[O-][Cr](=O)(=O)O[Cr]([O-])(=O)=O
LS-1737				[Na+].[O-][As]=O
LS-1741				CC[Pb](CC)(CC)CC
LS-1768	trichloroethylene	3628	C(=C(Cl)Cl)Cl	ClC=C(Cl)Cl
LS-1769				NC(=O)C=C
LS-1783	dichloroacetic acid	862	C(C(=O)O)(Cl)Cl	OC(=O)C(Cl)Cl
LS-1785				CC(C)[N+]([O-])=O
LS-1788				CC(C)(c1ccc(O)cc1)c1ccc(O)cc1
LS-1802				CC(C)(C)C(O)(CCc1ccc(Cl)cc1)Cn1cncn1
LS-1817				[O-][N+](=O)c1c(Cl)c(Cl)c(Cl)c(Cl)c1Cl
LS-1840	dibutylphthalate	4414	CCCCOC(=O)c1ccccc1C(=O)OCCCC	CCCCOC(=O)c1ccccc1C(=O)OCCCC
LS-1844				
LS-1849				CCCCOC(=O)c1ccccc1C(=O)OCc1ccccc1
LS-1854				COP(=S)(OC)SCn1nnc2ccccc2c1=O
LS-1858	fluconazole	1187	c1cc(c(cc1F)F)C(Cn2cncn2)(Cn3cncn3)O	OC(Cn1cncn1)(Cn1cncn1)c1ccc(F)cc1F
LS-1859				CC[C@]1(O)C[C@@H]2C[N@](C1)CCc1c([nH]c3ccccc13)[C@@](C2)(C(=O)OC)c1cc2c(cc1OC)N(C)[C@@H]1[C@]22CCN3CC=C[C@](CC)([C@@H]23)[C@@H](OC(C)=O)[C@]1(O)C(=O)OC
LS-1871				ClC(Cl)=C(Cl)C(Cl)=C(Cl)Cl
LS-1875				CN1CCCC1=O
LS-1886				CCC(C)c1cc(cc(c1O)[N+]([O-])=O)[N+]([O-])=O
LS-1912	biphenylol	4768	c1ccc(cc1)c2ccccc2O	Oc1ccccc1-c1ccccc1
LS-1917				c1ccc2ccccc2c1
LS-1946				OC(=O)COc1cc(Cl)c(Cl)cc1Cl
LS-1967				OC(=O)COc1ccc(Cl)cc1Cl
LS-1969	etohexadiol	4774	CCCC(C(CC)CO)O	CCCC(O)C(CC)CO
LS-1981				Nc1ccccc1O
LS-2065				Nc1ccc(cc1N)[N+]([O-])=O
LS-2068	valproic acid	2803	CCCC(CCC)C(=O)O	CCCC(CCC)C(O)=O
LS-2073				CCC(C)(C)OC
LS-2105	flutamide	1223	CC(C)C(=O)Nc1ccc(c(c1)C(F)(F)F)[N+](=O)[O-]	CC(C)C(=O)Nc1ccc(c(c1)C(F)(F)F)[N+]([O-])=O
LS-2117				C1CN1
LS-2118			CC(=O)O	[Pb++].CC([O-])=O.CC([O-])=O
LS-2124				C[C@@H]1[C@H]2CC[C@H](C)CN2[C@H]2C[C@H]3[C@@H]4CC=C5C[C@H](CC[C@]5(C)[C@H]4CC[C@]3(C)[C@@H]12)O[C@@H]1O[C@H](CO)[C@H](O)[C@H](O[C@@H]2O[C@H](CO)[C@@H](O)[C@H](O)[C@H]2O)[C@H]1O[C@H]1O[C@@H](C)[C@H](O)[C@@H](O)[C@H]1O
LS-2146				Oc1ccc(\C=C\c2cc(O)cc(O)c2)cc1
LS-2167	androstenedione	215	C[C@]12CCC(=O)C=C1CC[C@@H]3[C@@H]2CC[C@]4([C@H]3CCC4=O)C	C[C@]12CC[C@H]3[C@@H](CCC4=CC(=O)CC[C@]34C)[C@@H]1CCC2=O
LS-2169	salicylic acid	2416	c1ccc(c(c1)C(=O)O)O	OC(=O)c1ccccc1O
LS-2178				[Cu]
LS-2211				
LS-2222	bupivacaine	432	CCCCN1CCCCC1C(=O)Nc2c(cccc2C)C	CCCCN1CCCCC1C(=O)Nc1c(C)cccc1C
LS-2245				
LS-2307	vitamin A palmitate	4197	CCCCCCCCCCCCCCCC(=O)OC/C=C(\C)/C=C/C=C(\C)/C=C/C1=C(CCCC1(C)C)C	CCCCCCCCCCCCCCCC(=O)OC\C=C(/C)\C=C\C=C(/C)\C=C\C1=C(C)CCCC1(C)C
LS-2332	pyridoxine	2836	Cc1c(c(c(cn1)CO)CO)O	Cl.Cc1ncc(CO)c(CO)c1O
LS-2336	tyrosine	2786	c1cc(ccc1C[C@@H](C(=O)O)N)O	N[C@@H](Cc1ccc(O)cc1)C(O)=O
LS-2350	inositol	1444	[C@H]1([C@H]([C@@H]([C@H]([C@H]([C@H]1O)O)O)O)O)O	OC1C(O)C(O)C(O)C(O)C1O
LS-2377	edetic acid	987	C(CN(CC(=O)O)CC(=O)O)N(CC(=O)O)CC(=O)O	[Na+].[Na+].OC(=O)CN(CCN(CC(O)=O)CC([O-])=O)CC([O-])=O
LS-2405				[Na+].[Na+].[Na+].[O-]C(=O)C1=NN(C(=O)C1N=Nc1ccc(cc1)S([O-])(=O)=O)c1ccc(cc1)S([O-])(=O)=O
LS-2468				
LS-3187				[Cu++].[O-]S([O-])(=O)=O
LS-3213				[K+].[I-]
LS-3223	sorbitol	2462	C([C@@H]([C@H]([C@@H]([C@@H](CO)O)O)O)O)O	OC[C@H](O)[C@@H](O)[C@H](O)[C@H](O)CO
LS-3226	thiamine	2832	Cc1c(sc[n+]1Cc2cnc(nc2N)C)CCO	[Cl-].Cc1c(CCO)sc[n+]1Cc1cnc(C)nc1N
LS-3228	ergocalciferol	2838	CC(C)[C@@H](C)/C=C/[C@@H](C)[C@H]1CC[C@@H]\2[C@@]1(CCC/C2=C\C=C/3\C[C@H](CCC3=C)O)C	CC(C)[C@@H](C)\C=C\[C@@H](C)[C@H]1CC[C@H]2\C(CCC[C@]12C)=C\C=C1\C[C@@H](O)CCC1=C
LS-3229				Cl[Zn]Cl
LS-4197	etidronic acid	1098	CC(O)(P(=O)(O)O)P(=O)(O)O	CC(O)(P(O)(O)=O)P(O)(O)=O
LS-4709	edetic acid	987	C(CN(CC(=O)O)CC(=O)O)N(CC(=O)O)CC(=O)O	OC(=O)CN(CCN(CC(O)=O)CC(O)=O)CC(O)=O
LS-5593				NC(O)=O
LS-5652				CCCC(c1cc(c(O)cc1C)C(C)(C)C)c1cc(c(O)cc1C)C(C)(C)C
LS-6240				C1CCC(CC1)NSc1nc2ccccc2s1
LS-6321				CCCCCCCCc1ccc(O)cc1
LS-7125	lynestrenol	1620	C[C@]12CC[C@H]3[C@H]([C@@H]1CC[C@]2(C#C)O)CCC4=CCCC[C@H]34	C[C@]12CC[C@H]3[C@@H](CCC4=CCCC[C@H]34)[C@@H]1CC[C@@]2(O)C#C
LS-7127				[Cd++].[O-]S([O-])(=O)=O
LS-7145				CCOC(=O)N(C)N=O
LS-7159				[Na+].O[As](O)(O)=O
LS-7164	norethindrone acetate	1963	CC(=O)O[C@]1(CC[C@@H]2[C@@]1(CC[C@H]3[C@H]2CCC4=CC(=O)CC[C@H]34)C)C#C	C[C@]12CC[C@H]3[C@@H](CCc4cc(O)ccc34)[C@@H]1CC[C@@]2(O)C#C.CC(=O)O[C@]1(CC[C@H]2[C@@H]3CCC4=CC(=O)CCC4[C@H]3CC[C@]12C)C#C
LS-7203				CC1[C@H]2CC[C@@H]1C[C@@H](C2)OC(=O)C(CO)c1ccccc1
LS-7206				N[C@@H](COC(=O)C=[N+]=[N-])C(O)=O
LS-7208	barbital	289	CCC1(C(=O)NC(=O)NC1=O)CC	[Na+].CCC1(CC)C(=O)NC([O-])=NC1=O
LS-7248			CC(=O)O	[Cd++].CC([O-])=O.CC([O-])=O
LS-7251				O.O.O.O.O.O.O.O.[Cd++].[Cd++].[Cd++].[O-]S([O-])(=O)=O.[O-]S([O-])(=O)=O.[O-]S([O-])(=O)=O
LS-7255				ClC(Cl)C(Cl)(Cl)SN1C(=O)C2CC=CCC2C1=O
LS-7261	chlormadinone	600	CC(=O)[C@]1(CC[C@@H]2[C@@]1(CC[C@H]3[C@H]2C=C(C4=CC(=O)CC[C@]34C)Cl)C)OC(=O)C	CC(=O)O[C@@]1(CC[C@H]2[C@@H]3C=C(Cl)C4=CC(=O)CC[C@]4(C)[C@H]3CC[C@]12C)C(C)=O
LS-7280				C[C@H]1OC=C2C(O)=C(C(O)=O)C(=O)C(C)=C2[C@@H]1C
LS-7285	demecolcine	4375	CN[C@H]1CCc2cc(c(c(c2-c3c1cc(=O)c(cc3)OC)OC)OC)OC	CN[C@H]1CCc2cc(OC)c(OC)c(OC)c2-c2ccc(OC)c(=O)cc12
LS-7288				CN(C)C(=S)S[Cu]SC(=S)N(C)C
LS-7298	decamethrin	4378	CC1([C@H]([C@H]1C(=O)O[C@H](C#N)c2cccc(c2)Oc3ccccc3)C=C(Br)Br)C	CC1(C)[C@@H](C=C(Br)Br)[C@H]1C(=O)O[C@H](C#N)c1cccc(Oc2ccccc2)c1
LS-7300	dexamethasone	824	C[C@@H]1C[C@H]2[C@@H]3CCC4=CC(=O)C=C[C@@]4([C@]3([C@H](C[C@@]2([C@]1(C(=O)CO)O)C)O)F)C	C[C@@H]1C[C@H]2[C@@H]3CCC4=CC(=O)C=C[C@]4(C)[C@@]3(F)[C@@H](O)C[C@]2(C)[C@@]1(O)C(=O)CO
LS-7339				CC1(C)OC(=O)NC1=O
LS-7348	levomethadyl acetate	1571	CC[C@@H](C(C[C@H](C)N(C)C)(c1ccccc1)c2ccccc2)OC(=O)C	Cl.CC[C@H](OC(C)=O)C(C[C@H](C)N(C)C)(c1ccccc1)c1ccccc1
LS-7362				[O-][N+](*)=O.[O-][N+](*)=O.Cc1ccccc1
LS-7367	metamizole	4659	Cc1c(c(=O)n(n1C)c2ccccc2)N(C)CS(=O)(=O)O	[Na+].CN(CS([O-])(=O)=O)c1c(C)n(C)n(-c2ccccc2)c1=O
LS-7371	dopamine	947	c1cc(c(cc1CCN)O)O	Cl.NCCc1ccc(O)c(O)c1
LS-7376	enflurane	1009	C(C(OC(F)F)(F)F)(F)Cl	FC(F)OC(F)(F)C(F)Cl
LS-7380				CC\N=[N+](\[O-])CC
LS-7454	ibuprofen	1407	CC(C)Cc1ccc(cc1)C(C)C(=O)O	CC(C)Cc1ccc(cc1)C(C)C(O)=O
LS-7456				OC(=O)Cc1c[nH]c2ccccc12
LS-7470	ketoprofen	1528	CC(c1cccc(c1)C(=O)c2ccccc2)C(=O)O	CC(C(O)=O)c1cccc(c1)C(=O)c1ccccc1
LS-7474	lonidamine	1598	c1ccc2c(c1)c(nn2Cc3ccc(cc3Cl)Cl)C(=O)O	OC(=O)c1nn(Cc2ccc(Cl)cc2Cl)c2ccccc12
LS-7478				[Mn++].[S-]C(=S)NCCNC([S-])=S
LS-7490	thiamazole	1745	Cn1cc[nH]c1=S	Cn1cc[nH]c1=S
LS-7528	misoprostol	1817	CCCCC(C)(C/C=C/[C@H]1[C@@H](CC(=O)[C@@H]1CCCCCCC(=O)OC)O)O	CCCCC(C)(O)C\C=C\[C@H]1[C@H](O)CC(=O)[C@@H]1CCCCCCC(=O)OC
LS-7613				CN(N=O)c1ccccc1
LS-7622	nitrous oxide	4238	N#[N+][O-]	[N-]=[N+]=O
LS-7647	phenobarbital	2134	CCC1(C(=O)NC(=O)NC1=O)c2ccccc2	[Na+].CCC1(C(=O)NC([O-])=NC1=O)c1ccccc1
LS-7649				S=C=Nc1ccccc1
LS-7665				
LS-7669	prednisolone	2245	C[C@]12C[C@@H]([C@H]3[C@H]([C@@H]1CC[C@@]2(C(=O)CO)O)CCC4=CC(=O)C=C[C@]34C)O	C[C@]12C[C@H](O)[C@H]3[C@@H](CCC4=CC(=O)C=C[C@]34C)[C@@H]1CC[C@]2(O)C(=O)CO
LS-7671	procarbazine	2272	CC(C)NC(=O)c1ccc(cc1)CNNC	CNNCc1ccc(cc1)C(=O)NC(C)C
LS-7681				CCCN(N=O)C(N)=O
LS-7689	rifampicin	2377	Cc1c(c2c3c4c1O[C@@](C4=O)(O/C=C\[C@@H]([C@H]([C@H]([C@@H]([C@@H]([C@@H]([C@H]([C@H](/C=C\C=C(/C(=O)Nc(c2O)c(c3O)/C=N/N5CCN(CC5)C)\C)C)O)C)O)C)OC(=O)C)C)OC)C)O	CO[C@H]1\C=C\O[C@@]2(C)Oc3c(C2=O)c2c(O)c(\C=N\N4CCN(C)CC4)c(NC(=O)\C(C)=C/C=C/[C@H](C)[C@H](O)[C@@H](C)[C@@H](O)[C@@H](C)[C@H](OC(C)=O)[C@@H]1C)c(O)c2c(O)c3C
LS-7713	terbutaline	2598	CC(C)(C)NCC(c1cc(cc(c1)O)O)O	CC(C)(C)NCC(O)c1cc(O)cc(O)c1
LS-7724	thiouracil	2640	c1c[nH]c(=S)[nH]c1=O	Oc1ccnc(S)n1
LS-7733				ClC(Cl)(Cl)SN1C(=O)c2ccccc2C1=O
LS-7736	trimethadione	2751	CC1(C(=O)N(C(=O)O1)C)C	CN1C(=O)OC(C)(C)C1=O
LS-7748				O=c1cc[nH]c(=O)[nH]1
LS-7771				
LS-10082				ClC(Cl)C(=O)NCCCCCCCCNC(=O)C(Cl)Cl
LS-10227	acetazolamide	56	CC(=O)Nc1nnc(s1)S(=O)(=O)N	CC(=O)Nc1nnc(s1)S(N)(=O)=O
LS-10228				[Na+].CC(=O)Nc1nnc(s1)S([NH-])(=O)=O
LS-11119	ethyl biscoumacetate	1091	CCOC(=O)C(c1c(c2ccccc2oc1=O)O)c3c(c4ccccc4oc3=O)O	CCOC(=O)C(c1c(O)c2ccccc2oc1=O)c1c(O)c2ccccc2oc1=O
LS-11467				CCOC(=O)COc1ccc(Cl)cc1C
LS-11576	diclofenac	865	c1ccc(c(c1)CC(=O)O)Nc2c(cccc2Cl)Cl	[Na+].[O-]C(=O)Cc1ccccc1Nc1c(Cl)cccc1Cl
LS-11597	dichloroacetic acid	862	C(C(=O)O)(Cl)Cl	[O-]C(=O)C(Cl)Cl
LS-12233	tiratricol	3611	c1cc(c(cc1Oc2c(cc(cc2I)CC(=O)O)I)I)O	OCCNCCO.OC(=O)Cc1cc(I)c(Oc2ccc(O)c(I)c2)c(I)c1
LS-12372			CC(=O)O	[Hg++].CC([O-])=O.CC([O-])=O
LS-12445				COC(C)COC(C)=O
LS-12466				Cl.Cl.COCC(=O)O[C@]1(CCN(C)CCCc2nc3ccccc3[nH]2)CCc2cc(F)ccc2[C@@H]1C(C)C
LS-13204				NCC#N.OS(O)(=O)=O
LS-13218				ClC(Br)C#N
LS-14833				
LS-14931	amantadine	144	C1C2CC3CC1CC(C2)(C3)N	Cl.NC12CC3CC(CC(C3)C1)C2
LS-15058	adenine	89	c1[nH]c(c-2ncnc2n1)N	Nc1[nH]cnc2ncnc12
LS-15059	vidarabine	2818	c1nc(c2c(n1)n(cn2)[C@H]3[C@H]([C@@H]([C@H](O3)CO)O)O)N	Nc1ncnc2n(cnc12)[C@@H]1O[C@H](CO)[C@@H](O)[C@@H]1O
LS-15170				Nc1ncnc2n(cnc12)[C@@H]1O[C@H](COP(O)(=O)OP(O)(=O)OP(O)(=O)OP(O)(O)=O)[C@@H](O)[C@H]1O
LS-15280				
LS-15802				CC(C)[C@H](NC(=O)[C@H](CCCNC(N)=N)NC(=O)[C@@H](N)CC(N)=O)C(=O)N[C@@H](Cc1ccc(O)cc1)C(=O)N[C@@H](C(C)C)C(=O)N[C@@H](Cc1cnc[nH]1)C(=O)N1CCC[C@H]1C(=O)N[C@@H](Cc1ccccc1)C(O)=O
LS-15962				NC(Cc1ccc(Cl)cc1)C(O)=O
LS-16374				O=C1NC(=O)C(=O)C(=O)N1
LS-16491				O.O.O.O.O.O.O.O.O.[Al+3].[O-][N+]([O-])=O.[O-][N+]([O-])=O.[O-][N+]([O-])=O
LS-16513				CC(O)C(=O)O[Al](OC(=O)C(C)O)OC(=O)C(C)O
LS-19275				CN1CCCCC1c1ccc(nc1)-c1cccnc1
LS-19329	exemestane	1122	C[C@]12CC[C@H]3[C@H]([C@@H]1CCC2=O)CC(=C)C4=CC(=O)C=C[C@]34C	C[C@]12CC[C@H]3[C@@H](CC(=C)C4=CC(=O)C=C[C@]34C)[C@@H]1CCC2=O
LS-19548				CCC(C)C(NC(=O)C(Cc1ccc(O)cc1)NC(=O)C(NC(=O)C(CCCNC(N)=N)NC(=O)C(N)CC(O)=O)C(C)C)C(=O)NC(Cc1c[nH]cn1)C(=O)N1CCCC1C(=O)NC(Cc1ccccc1)C(O)=O
LS-20281				[Li+].Cc1c(C([O-])=O)c(O)cc2C(=O)c3c(O)c(O)c([C@@H]4OC(CO)[C@@H](O)[C@H](O)[C@H]4O)c(O)c3C(=O)c12
LS-20482	tolfenamic acid	2698	Cc1c(cccc1Cl)Nc2ccccc2C(=O)O	Cc1c(Cl)cccc1Nc1ccccc1C(O)=O
LS-20589	mefenamic acid	1663	Cc1cccc(c1C)Nc2ccccc2C(=O)O	Cc1cccc(Nc2ccccc2C(O)=O)c1C
LS-21719				[Na+].[O-][As](=O)=O
LS-21724				O[As](O)(O)=O
LS-21735				O.O.O.O.O.O.O.[Na+].[Na+].O[As]([O-])([O-])=O
LS-21749				[Na+].[Na+].[Na+].[O-][As]([O-])([O-])=O
LS-21868	cacodylic acid	3058	C[As](=O)(C)O	[Na+].C[As](C)([O-])=O
LS-22047				
LS-24423	methylphenobarbital	1696	CCC1(C(=O)NC(=O)N(C1=O)C)c2ccccc2	CCC1(C(=O)NC(=O)N(C)C1=O)c1ccccc1
LS-26937	labetalol	1531	CC(CCc1ccccc1)NCC(c2ccc(c(c2)C(=O)N)O)O	Cl.CC(CCc1ccccc1)NCC(O)c1ccc(O)c(c1)C(N)=O
LS-27388	flecainide	1176	c1cc(c(cc1OCC(F)(F)F)C(=O)NCC2CCCCN2)OCC(F)(F)F	FC(F)(F)COc1ccc(OCC(F)(F)F)c(c1)C(=O)NCC1CCCCN1
LS-27851				Cc1c2ccccc2c(CO)c2ccc3ccccc3c12
LS-28261				Nc1ccc(F)c(F)c1
LS-29842				[O-][N+](=O)c1ccc(F)c(F)c1
LS-30374	seratrodast	2432	CC1=C(C(=O)C(=C(C1=O)C)C(CCCCCC(=O)O)c2ccccc2)C	CC1=C(C)C(=O)C(C(CCCCCC(O)=O)c2ccccc2)=C(C)C1=O
LS-30764	ritodrine	2390	C[C@H]([C@H](c1ccc(cc1)O)O)NCCc2ccc(cc2)O	C[C@@H](NCCc1ccc(O)cc1)[C@@H](O)c1ccc(O)cc1
LS-30765	ritodrine	2390	C[C@H]([C@H](c1ccc(cc1)O)O)NCCc2ccc(cc2)O	Cl.C[C@@H](NCCc1ccc(O)cc1)[C@@H](O)c1ccc(O)cc1
LS-30844				C\C(=C/c1ccc(CO)cc1)c1ccc2c(c1)C(C)(C)CCC2(C)C
LS-31372	glybuzole	1315	CC(C)(C)c1nnc(s1)NS(=O)(=O)c2ccccc2	CC(C)(C)c1nnc(NS(=O)(=O)c2ccccc2)s1
LS-31486				CCN(CC)S(=O)(=O)c1ccccc1
LS-31990				*[*].[Na]OS(=O)(=O)c1ccccc1
LS-32210				Brc1ccc(Oc2cc(Br)c(Br)cc2Br)c(Br)c1
LS-32257				Cc1c(Cc2cc(c(O)c(c2)C(C)(C)C)C(C)(C)C)c(C)c(Cc2cc(c(O)c(c2)C(C)(C)C)C(C)(C)C)c(C)c1Cc1cc(c(O)c(c1)C(C)(C)C)C(C)(C)C
LS-32691				CC(C)OC(=O)Nc1ccc2n(N)c(nc2c1)-c1cscn1
LS-32693				CCCCc1ccc2[nH]c(NC(=O)OC)nc2c1
LS-32694				COC(=O)Nc1nc2cc(ccc2[nH]1)C(=O)C1CC1
LS-32696				COC(=O)Nc1nc2cc(ccc2[nH]1)C(=O)c1ccc(F)cc1
LS-32697				COC(=O)Nc1nc2cc(ccc2[nH]1)C(O)c1ccccc1
LS-32698				COC(=O)Nc1nc2cc(OS(=O)(=O)c3ccccc3)ccc2[nH]1
LS-32704				CC(C)OC(=O)Nc1ccc2[nH]c(nc2c1)-c1cscn1
LS-32705				COC(=O)Nc1ccc2[nH]c(nc2c1)-c1cscn1
LS-33301	domperidone	945	c1ccc2c(c1)[nH]c(=O)n2CCCN3CCC(CC3)n4c5ccc(cc5[nH]c4=O)Cl	Clc1ccc2n(C3CCN(CCCn4c5ccccc5[nH]c4=O)CC3)c(=O)[nH]c2c1
LS-33637	zonisamide	2872	c1ccc2c(c1)c(no2)CS(=O)(=O)N	NS(=O)(=O)Cc1noc2ccccc12
LS-34063	chlordiazepoxide	594	CNC1=Nc2ccc(cc2C(=[N+](C1)[O-])c3ccccc3)Cl	CNC1=Nc2ccc(Cl)cc2C(c2ccccc2)=[N+]([O-])C1
LS-34065	chlordiazepoxide	594	CNC1=Nc2ccc(cc2C(=[N+](C1)[O-])c3ccccc3)Cl	Cl.CNC1=Nc2ccc(Cl)cc2C(c2ccccc2)=[N+]([O-])C1
LS-34156	clonazepam	703	c1ccc(c(c1)C2=NCC(=O)Nc3c2cc(cc3)[N+](=O)[O-])Cl	[O-][N+](=O)c1ccc2NC(=O)CN=C(c3ccccc3Cl)c2c1
LS-34695				CNC(C)Cc1ccc2OCOc2c1
LS-34698				Cl.CNC(C)Cc1ccc2OCOc2c1
LS-36627				OC(=O)c1ccc(CCN2CCN(C\C=C\c3ccc(Cl)cc3)CC2)cc1
LS-36708				C[C@@H]1CC[C@H]2[C@@H](C)[C@@H](OCc3ccc(cc3)C(O)=O)O[C@@H]3O[C@@]4(C)CC[C@@H]1[C@@]23OO4
LS-38310				CC1(C)CCC(C)(C)c2cc(ccc12)C(=O)Nc1ccc(cc1)C(O)=O
LS-38311				C\C(=C/c1ccc(cc1)C(O)=O)c1ccc2c(c1)C(C)(C)CCC2(C)C
LS-38713				CCCS(=O)CCCN(CC)CC(O)COc1ccc(cc1)C#N
LS-39381	exatecan	1120	CC[C@@]1(c2cc-3n(c(=O)c2COC1=O)Cc4c3nc5cc(c(c6c5c4[C@H](CC6)N)C)F)O	CC[C@@]1(O)C(=O)OCc2c1cc1-c3nc4cc(F)c(C)c5CC[C@H](N)c(c3Cn1c2=O)c45
LS-40820				C1CCC(CC1)N(Sc1nc2ccccc2s1)C1CCCCC1
LS-42744	terbutaline	2598	CC(C)(C)NCC(c1cc(cc(c1)O)O)O	[O-]S([O-])(=O)=O.CC(C)(C)[NH2+]CC(O)c1cc(O)cc(O)c1.CC(C)(C)[NH2+]CC(O)c1cc(O)cc(O)c1
LS-42858	fenoterol	1155	CC(Cc1ccc(cc1)O)NCC(c2cc(cc(c2)O)O)O	CC(Cc1ccc(O)cc1)NCC(O)c1cc(O)cc(O)c1
LS-42866	isoprenaline	1499	CC(C)NCC(c1ccc(c(c1)O)O)O	CC(C)NCC(O)c1ccc(O)c(O)c1
LS-43027	phenylephrine	2146	CNC[C@@H](c1cccc(c1)O)O	CNC[C@H](O)c1cccc(O)c1
LS-43036	oxedrine	3577	CNCC(c1ccc(cc1)O)O	O[C@H]([C@@H](O)C(O)=O)C(O)=O.CNCC(O)c1ccc(O)cc1.CNCC(O)c1ccc(O)cc1
LS-43040	isoxsuprine	1510	CC(COc1ccccc1)NC(C)C(c2ccc(cc2)O)O	CC(COc1ccccc1)NC(C)C(O)c1ccc(O)cc1
LS-43702	enzacamene	4292	Cc1ccc(cc1)/C=C/2\C3CCC(C2=O)(C3(C)C)C	Cc1ccc(\C=C2/C3CCC(C)(C2=O)C3(C)C)cc1
LS-44006				CC1Oc2cc3c(c(O)cc(O)c3c(O)c2C(=O)C1C)-c1c(O)cc(O)c2c(O)c3C(=O)C(C)C(C)Oc3cc12
LS-44091	flurbiprofen	1219	CC(c1ccc(c(c1)F)c2ccccc2)C(=O)O	CC(C(O)=O)c1ccc(c(F)c1)-c1ccccc1
LS-44093	flurbiprofen axetil	1220	CC(c1ccc(c(c1)F)c2ccccc2)C(=O)OC(C)OC(=O)C	CC(OC(C)=O)OC(=O)C(C)c1ccc(c(F)c1)-c1ccccc1
LS-44258	diflunisal	880	c1cc(c(cc1c2ccc(cc2F)F)C(=O)O)O	OC(=O)c1cc(ccc1O)-c1ccc(F)cc1F
LS-44545				Clc1ccc(cc1Cl)-c1ccc(Cl)c(Cl)c1
LS-44591	irinotecan	1482	CCc1c2cc(ccc2nc-3c1Cn4c3cc5c(c4=O)COC(=O)[C@@]5(CC)O)OC(=O)N6CCC(CC6)N7CCCCC7	Cl.CCc1c2Cn3c(cc4c(COC(=O)[C@]4(O)CC)c3=O)-c2nc2ccc(OC(=O)N3CCC(CC3)N3CCCCC3)cc12
LS-44651				O.[Cl-].[Cl-].C[n+]1ccc(cc1)-c1cc[n+](C)cc1
LS-44837				COC(=O)[C@@]12Oc3ccc(c(O)c3C(=O)C1=C(O)C[C@H](C)[C@H]2O)-c1ccc2O[C@]3([C@H](O)[C@@H](C)CC(O)=C3C(=O)c2c1O)C(=O)OC
LS-45389	acebutolol	40	CCCC(=O)Nc1ccc(c(c1)C(=O)C)OCC(CNC(C)C)O	CCCC(=O)Nc1ccc(OCC(O)CNC(C)C)c(c1)C(C)=O
LS-45732				CC(C)CCOC(=O)[C@@H](S)[C@@H](S)C(O)=O
LS-46082				CCCCS(=N)(=O)CC[C@H](N)C(O)=O
LS-46519	dextropropoxyphene	844	CCC(=O)O[C@](Cc1ccccc1)(c2ccccc2)[C@H](C)CN(C)C	Cl.CCC(=O)O[C@@](Cc1ccccc1)([C@H](C)CN(C)C)c1ccccc1
LS-46663				CC(C)(C)C(=O)C(Oc1ccc(Cl)cc1)n1cncn1
LS-47158				COC(C)C(O)(C(C)C)C(=O)OCc1ccn2CC[C@H](O)c12
LS-47414				[Cl-].CCCC[NH3+]
LS-48311	haloperidol	1353	c1cc(ccc1C(=O)CCCN2CCC(CC2)(c3ccc(cc3)Cl)O)F	OC1(CCN(CCCC(=O)c2ccc(F)cc2)CC1)c1ccc(Cl)cc1
LS-48530				[Cd++].[I-].[I-]
LS-48534				[Cd++].[O-][N+]([O-])=O.[O-][N+]([O-])=O
LS-48540				[Cd++].[O-]S([O-])(=O)=O
LS-48769				
LS-48951				COC(=O)Nc1nc2ccc(cc2[nH]1)C(=O)c1ccccc1
LS-49928				CCOC(=O)NO
LS-50609				CCCOC(N)=O
LS-50618				CCCSc1ccc2[nH]c(NC(=O)OC)nc2c1
LS-51903	carbon dioxide	4256	C(=O)=O	O=C=O
LS-51964				
LS-52213				[C-]#[O+]
LS-52655				
LS-52887				C[C@@H]1[C@H]2CC[C@H](C)CN2[C@H]2CC3[C@@H]4CC=C5CC(CC[C@]5(C)[C@H]4CC[C@]3(C)[C@@H]12)O[C@@H]1O[C@H](CO)C(O[C@@H]2O[C@@H](C)[C@H](O)[C@@H](O)[C@H]2O)[C@H](O)[C@H]1O[C@@H]1O[C@@H](C)[C@H](O)[C@@H](O)[C@H]1O
LS-53093	calcitriol	466	C[C@H](CCCC(C)(C)O)[C@H]1CC[C@@H]\2[C@@]1(CCC/C2=C\C=C/3\C[C@H](C[C@@H](C3=C)O)O)C	C[C@H](CCCC(C)(C)O)[C@H]1CC[C@H]2\C(CCC[C@]12C)=C\C=C1\C[C@@H](O)C[C@H](O)C1=C
LS-53418	chromic chloride	5118	Cl[Cr](Cl)Cl	Cl[Cr](Cl)Cl
LS-54477				
LS-54757				
LS-54870			C(C(=O)O)C(CC(=O)O)(C(=O)O)O	[Cu++].[Cu++].OC(=O)CC(O)(CC(O)=O)C(O)=O
LS-54984				C[C@]12C[C@H](O)[C@H]3[C@@H](CCC4=CC(=O)CC[C@]34C)[C@@H]1CC[C@@H]2C(=O)CO
LS-54986				
LS-54995	hydrocortisone acetate	4213	CC(=O)OCC(=O)[C@]1(CC[C@@H]2[C@@]1(C[C@@H]([C@H]3[C@H]2CCC4=CC(=O)CC[C@]34C)O)C)O	CC(=O)OCC(=O)[C@@]1(O)CC[C@H]2[C@@H]3CCC4=CC(=O)CC[C@]4(C)[C@H]3[C@@H](O)C[C@]12C
LS-55002				C[C@]12CC(=O)[C@H]3[C@@H](CCC4=CC(=O)CC[C@]34C)[C@@H]1CC[C@]2(O)C(=O)CO
LS-55003	cortisone acetate	734	CC(=O)OCC(=O)[C@]1(CC[C@@H]2[C@@]1(CC(=O)[C@H]3[C@H]2CCC4=CC(=O)CC[C@]34C)C)O	CC(=O)OCC(=O)[C@@]1(O)CC[C@H]2[C@@H]3CCC4=CC(=O)CC[C@]4(C)[C@H]3C(=O)C[C@]12C
LS-55083	warfarin	2847	CC(=O)CC(c1ccccc1)c2c(c3ccccc3oc2=O)O	CC(=O)CC(c1ccccc1)c1c(O)c2ccccc2oc1=O
LS-55086	warfarin	2847	CC(=O)CC(c1ccccc1)c2c(c3ccccc3oc2=O)O	[Na+].CC(=O)CC(c1ccccc1)c1c([O-])c2ccccc2oc1=O
LS-56336				N=C1C=CC(=O)C=C1
LS-56442				Cl.Cl.Clc1ccccc1CNC[C@H]1CC[C@H](CNCc2ccccc2Cl)CC1
LS-56805	maxacalcitol	1638	C[C@@H]([C@H]1CC[C@@H]\2[C@@]1(CCC/C2=C\C=C/3\C[C@H](C[C@@H](C3=C)O)O)C)OCCC(C)(C)O	C[C@H](OCCC(C)(C)O)[C@H]1CC[C@H]2\C(CCC[C@]12C)=C\C=C1\C[C@@H](O)C[C@H](O)C1=C
LS-57302	ketamine	1523	CNC1(CCCCC1=O)c2ccccc2Cl	Cl.CNC1(CCCCC1=O)c1ccccc1Cl
LS-57684				CCCCCC[C@@H](O)[C@H]1[C@@H](O)C2=C(C[C@H](CC3=C1C(=O)OC3=O)[C@H](O)[C@@H]1CC=CC(=O)O1)C(=O)OC2=O
LS-57734				C[C@@H]1[C@@H]2NCC(C)C[C@H]2O[C@]11CC[C@H]2[C@@H]3CC=C4CC(O)CCC4(C)[C@H]3CC2=C1C
LS-58016	alprostadil	138	CCCCC[C@@H](/C=C/[C@H]1[C@@H](CC(=O)[C@@H]1CCCCCCC(=O)O)O)O	CCCCC[C@H](O)\C=C\[C@H]1[C@H](O)CC(=O)[C@@H]1CCCCCCC(O)=O
LS-58626	cypermethrin	4409	CC1(C(C1C(=O)OC(C#N)c2cccc(c2)Oc3ccccc3)C=C(Cl)Cl)C	CC1(C)C(C=C(Cl)Cl)C1C(=O)OC(C#N)c1cccc(Oc2ccccc2)c1
LS-58649	permethrin	4152	CC1(C(C1C(=O)OCc2cccc(c2)Oc3ccccc3)C=C(Cl)Cl)C	CC1(C)C(C=C(Cl)Cl)C1C(=O)OCc1cccc(Oc2ccccc2)c1
LS-58792				N[C@@H](C[C@H]1CC1=C)C(O)=O
LS-58799	cyproterone acetate	766	CC(=O)[C@]1(CC[C@@H]2[C@@]1(CC[C@H]3[C@H]2C=C(C4=CC(=O)[C@@H]5C[C@@H]5[C@]34C)Cl)C)OC(=O)C	CC(=O)O[C@@]1(CC[C@H]2[C@@H]3C=C(Cl)C4=CC(=O)[C@@H]5C[C@@H]5[C@]4(C)[C@H]3CC[C@]12C)C(C)=O
LS-58869				C[C@H]1[C@H]2[C@H](Cc3ccccc3)NC(=O)[C@@]22[C@@H](\C=C\C[C@H](C)C(=O)[C@](C)(O)\C=C\[C@H]2OC(C)=O)[C@H](O)C1=C
LS-59026	cysteine	769	C([C@@H](C(=O)O)N)S	Cl.NC(CS)C(O)=O
LS-59117				CC1C2C(Cc3ccccc3)NC(=O)C22OC(=O)O\C=C\C(C)(O)C(=O)C(C)C\C=C\C2C2OC12C
LS-59218				
LS-60362	carbamazepine	489	c1ccc2c(c1)C=Cc3ccccc3N2C(=O)N	NC(=O)N1c2ccccc2C=Cc2ccccc12
LS-60386	clomipramine	701	CN(C)CCCN1c2ccccc2CCc3c1cc(cc3)Cl	CN(C)CCCN1c2ccccc2CCc2ccc(Cl)cc12
LS-60387	clomipramine	701	CN(C)CCCN1c2ccccc2CCc3c1cc(cc3)Cl	Cl.CN(C)CCCN1c2ccccc2CCc2ccc(Cl)cc12
LS-60411	trimipramine	2758	CC(CN1c2ccccc2CCc3c1cccc3)CN(C)C	OC(=O)\C=C/C(O)=O.CC(CN(C)C)CN1c2ccccc2CCc2ccccc12
LS-60422	desipramine	812	CNCCCN1c2ccccc2CCc3c1cccc3	Cl.CNCCCN1c2ccccc2CCc2ccccc12
LS-60467	imipramine	1427	CN(C)CCCN1c2ccccc2CCc3c1cccc3	CN(C)CCCN1c2ccccc2CCc2ccccc12
LS-60471	imipramine	1427	CN(C)CCCN1c2ccccc2CCc3c1cccc3	Cl.CN(C)CCCN1c2ccccc2CCc2ccccc12
LS-60749	amitriptyline	180	CN(C)CC/C=C\1/c2ccccc2CCc3c1cccc3	Cl.CN(C)CCC=C1c2ccccc2CCc2ccccc12
LS-60786				OC(=O)\C=C/C(O)=O.CC12NC(Cc3ccccc13)c1ccccc21
LS-61018				Brc1cc2Oc3cc(Br)c(Br)cc3Oc2cc1Br
LS-61182				CCCCCc1cc(OC(C)=O)c2[C@@H]3C=C(C)CC[C@H]3C(C)(C)Oc2c1
LS-61798				
LS-61849				[Cl-].ClCC[NH2+]CCCl
LS-61964	digoxin	882	C[C@@H]1[C@H]([C@H](C[C@@H](O1)O[C@@H]2[C@H](O[C@H](C[C@@H]2O)O[C@@H]3[C@H](O[C@H](C[C@@H]3O)O[C@H]4CC[C@]5([C@@H](C4)CC[C@@H]6[C@@H]5C[C@H]([C@]7([C@@]6(CC[C@@H]7C8=CC(=O)OC8)O)C)O)C)C)C)O)O	C[C@H]1O[C@H](C[C@H](O)[C@@H]1O)O[C@H]1[C@@H](O)C[C@H](O[C@H]2[C@@H](O)C[C@H](O[C@H]3CC[C@@]4(C)[C@H](CC[C@@H]5[C@@H]4C[C@@H](O)[C@]4(C)C(CC[C@]54O)C4=CC(=O)OC4)C3)O[C@@H]2C)O[C@@H]1C
LS-62442				[O-]C(=O)\C=C\C([O-])=O.CCCC[Sn++]CCCC
LS-62573				OCC1COCO1
LS-63091				[S-]C(=S)NCCNC1=[S][Mn++][S-]1.[S-]C(=S)NCCNC1=[S][Zn++][S-]1
LS-63663				
LS-63893				
LS-63905				
LS-63964	ephedrine	1024	C[C@@H]([C@@H](c1ccccc1)O)NC	CN[C@@H](C)[C@H](O)c1ccccc1
LS-63999	teniposide	2590	COc1cc(cc(c1O)OC)[C@@H]2c3cc4c(cc3[C@H]([C@@H]5[C@@H]2C(=O)OC5)O[C@H]6[C@@H]([C@H]([C@H]7[C@H](O6)CO[C@H](O7)c8cccs8)O)O)OCO4	COc1cc(cc(OC)c1O)[C@H]1[C@@H]2[C@H](COC2=O)[C@H](O[C@@H]2O[C@@H]3CO[C@H](O[C@H]3[C@H](O)[C@H]2O)c2cccs2)c2cc3OCOc3cc12
LS-64240	artenimol	4194	C[C@@H]1CC[C@H]2[C@H]([C@H](O[C@H]3[C@@]24[C@H]1CC[C@](O3)(OO4)C)O)C	C[C@@H]1CCC2[C@@H](C)[C@@H](O)O[C@@H]3OC4(C)CC[C@@H]1[C@@]23OO4
LS-64332				CCN(CC)C(=O)[C@H]1CN(C)[C@@H]2Cc3c(Br)[nH]c4cccc(C2=C1)c34
LS-64351				CCN(CC)C(=O)[C@H]1CN(C)[C@@H]2Cc3c[nH]c4cccc(C2=C1)c34
LS-64354				OC(C(O)C([O-])=O)C([O-])=O.CCN(CC)C(=O)C1CC2[C@@H](Cc3c[nH]c4cccc2c34)N(C)C1.CCN(CC)C(=O)C1CC2[C@@H](Cc3c[nH]c4cccc2c34)N(C)C1
LS-64364				OC(=O)\C=C/C(O)=O.CC[C@@H](CO)NC(=O)[C@H]1CN(C)[C@@H]2Cc3c[nH]c4cccc(C2=C1)c34
LS-64545				CS(O)(=O)=O.CC(C)[C@H]1N2C(=O)[C@](NC(=O)[C@H]3CN(C)[C@@H]4Cc5c[nH]c6cccc(C4=C3)c56)(O[C@@]2(O)[C@@H]2CCCN2C1=O)C(C)C
LS-64698				
LS-64723	mifepristone	1805	CC#C[C@@]1(CC[C@@H]2[C@@]1(C[C@@H](C3=C4CCC(=O)C=C4CC[C@@H]23)c5ccc(cc5)N(C)C)C)O	CC#C[C@]1(O)CC[C@H]2[C@@H]3CCC4=CC(=O)CCC4=C3[C@H](C[C@]12C)c1ccc(cc1)N(C)C
LS-64726	estradiol benzoate	1058	C[C@]12CC[C@@H]3c4ccc(cc4CC[C@H]3[C@@H]1CC[C@@H]2O)OC(=O)c5ccccc5	C[C@]12CC[C@H]3[C@@H](CCc4cc(OC(=O)c5ccccc5)ccc34)[C@@H]1CC[C@@H]2O
LS-65337	trientine	2738	C(CNCCNCCN)N	Cl.Cl.NCCNCCNCCN
LS-66607	triparanol	2761	CCN(CC)CCOc1ccc(cc1)C(Cc2ccc(cc2)Cl)(c3ccc(cc3)C)O	CCN(CC)CCOc1ccc(cc1)C(O)(Cc1ccc(Cl)cc1)c1ccc(C)cc1
LS-67145				CC(=O)C1=CCC[C@@H]2CC[C@H]1N2
LS-67682	buprenorphine	434	CC(C)(C)[C@](C)([C@H]1C[C@@]23CC[C@@]1([C@H]4[C@@]25CCN([C@@H]3Cc6c5c(c(cc6)O)O4)CC7CC7)OC)O	CO[C@]12CC[C@@]3(C[C@@H]1[C@](C)(O)C(C)(C)C)[C@H]1Cc4ccc(O)c5O[C@@H]2[C@]3(CCN1CC1CC1)c45
LS-68208	diphenhydramine	916	CN(C)CCOC(c1ccccc1)c2ccccc2	CN(C)CCOC(c1ccccc1)c1ccccc1
LS-68836				
LS-69376				COC(=O)CC[C@H](NC(=O)c1ccc(NCc2cnc3[nH]c(N)nc(=O)c3n2)cc1)C(O)=O
LS-71153				NC[*].CC(N)[*].CNC(C)[*].CNC1C(O)C(OC2C(N)CC(N)C(OC3OC([*])CCC3N)C2O)OCC1(C)O
LS-71325				
LS-71364	meglumine	5194	CNC[C@@H]([C@H]([C@@H]([C@@H](CO)O)O)O)O	O[Sb](=O)=O.CNC[C@H](O)[C@@H](O)[C@H](O)[C@H](O)CO
LS-71381	isosorbide mononitrate	1506	C1[C@@H]([C@@H]2[C@H](O1)[C@@H](CO2)O[N+](=O)[O-])O	O[C@H]1CO[C@@H]2[C@@H](CO[C@H]12)O[N+]([O-])=O
LS-71585				C[C@@H]1[C@H]2CC[C@H](C)CN2[C@H]2C[C@H]3[C@@H]4CC=C5CC(CC[C@]5(C)C4CC[C@]3(C)[C@@H]12)O[C@@H]1O[C@H](CO)[C@@H](O[C@@H]2O[C@@H](C)[C@H](O)[C@@H](O)[C@H]2O)[C@H](O)[C@H]1O
LS-71805	aminopterin	21	c1cc(ccc1C(=O)N[C@@H](CCC(=O)O)C(=O)O)NCc2cnc3c(n2)c(nc(n3)N)N	Nc1nc(N)c2nc(CNc3ccc(cc3)C(=O)N[C@@H](CCC(O)=O)C(O)=O)cnc2n1
LS-71822	methotrexate	1751	CN(Cc1cnc2c(n1)c(nc(n2)N)N)c3ccc(cc3)C(=O)N[C@@H](CCC(=O)O)C(=O)O	[Na+].CN(Cc1cnc2nc(N)nc(N)c2n1)c1ccc(cc1)C(=O)N[C@@H](CCC([O-])=O)C(O)=O
LS-71964				COC(=O)CCC(N1C(=O)c2ccccc2C1=O)C(N)=O
LS-72300				[Na+].[Na+].[Na+].[O-]C(=O)C[N]12CC[N]3(CC([O-])=O)CC(=O)[O-][Ca++]1313[O-]C(=O)C[N]1(CC2)CC(=O)[O-]3
LS-72414				[Na+].[Na+].[Ca++].[O-]C(=O)CN(CC([O-])=O)C1CCCCC1N(CC([O-])=O)CC([O-])=O
LS-72659				ON(CC(O)=O)C=O
LS-72898				[Cl-].[NH3+]CC#N
LS-73046				[Na+].[Na+].[O-]C(=O)CC(S[Au])C([O-])=O
LS-73988				
LS-74110				CO[C@H](C)[C@@](O)(C(C)C)C(=O)OCC1=CCN2CC[C@H](O)[C@@H]12
LS-74164				
LS-74195				C[C@H](\C=C(/C)\C=C\C(=O)NO)C(=O)c1ccc(cc1)N(C)C
LS-74376	tianeptine	2650	CN1c2ccccc2C(c3ccc(cc3S1(=O)=O)Cl)NCCCCCCC(=O)O	CN1c2ccccc2C(NCCCCCCC(O)=O)c2ccc(Cl)cc2S1(=O)=O
LS-74485	methadone	1728	CCC(=O)C(CC(C)N(C)C)(c1ccccc1)c2ccccc2	CCC(=O)C(CC(C)N(C)C)(c1ccccc1)c1ccccc1
LS-74754				
LS-75216				[Na+].CCCCC(CCCC)C([O-])=O
LS-75302				[Na+].CCCCC(CC)C([O-])=O
LS-75371				[Na+].CCCCC(CCC)C([O-])=O
LS-75569	vigabatrin	2819	C=CC(CCC(=O)O)N	NC(CCC(O)=O)C=C
LS-75939				
LS-75964				O=C1CNC(=O)N1
LS-76142				
LS-76144				
LS-76156	phenytoin	2152	c1ccc(cc1)C2(C(=O)NC(=O)N2)c3ccccc3	[NaH].O=C1NC(=O)C(N1)(c1ccccc1)c1ccccc1
LS-76160				
LS-76188	mephenytoin	1695	CCC1(C(=O)N(C(=O)N1)C)c2ccccc2	CCC1(NC(=O)N(C)C1=O)c1ccccc1
LS-76194	ethotoin	1088	CCN1C(=O)C(NC1=O)c2ccccc2	CCN1C(=O)NC(C1=O)c1ccccc1
LS-76443				ClC(Cl)C(=O)NNC(=O)C(Cl)Cl
LS-77847	pentostatin	2098	c1nc2c(n1[C@H]3C[C@@H]([C@H](O3)CO)O)NC=NC[C@H]2O	OC[C@H]1O[C@H](C[C@@H]1O)n1cnc2[C@H](O)CN=CNc12
LS-78195	mizoribine	3363	c1nc(c(n1[C@H]2[C@@H]([C@@H]([C@H](O2)CO)O)O)O)C(=O)N	NC(=O)c1ncn([C@@H]2O[C@H](CO)[C@@H](O)[C@H]2O)c1O
LS-78200				CCCN(CCOc1c(Cl)cc(Cl)cc1Cl)C(=O)n1ccnc1
LS-78267	sertaconazole	2434	c1cc2c(csc2c(c1)Cl)COC(Cn3ccnc3)c4ccc(cc4Cl)Cl	Clc1ccc(C(Cn2ccnc2)OCc2csc3c(Cl)cccc23)c(Cl)c1
LS-78569				OP(O)(O)=O.OP(O)(O)=O.NCCc1c[nH]cn1
LS-78658				COCC(O)Cn1ccnc1[N+]([O-])=O
LS-79284				CC1CNC(=S)N1
LS-79291				O=NN1CCNC1=S
LS-79293				
LS-79606	clonidine	704	c1cc(c(c(c1)Cl)NC2=NCCN2)Cl	Clc1cccc(Cl)c1NC1=NCCN1
LS-79607	clonidine	704	c1cc(c(c(c1)Cl)NC2=NCCN2)Cl	Cl.Clc1cccc(Cl)c1NC1=NCCN1
LS-79967				CSC1=N[C@](C)(C(=O)N1Nc1ccccc1)c1ccccc1
LS-83647				NCCc1c[nH]c2ccc(O)cc12
LS-83653				[O-]S([O-])(=O)=O.C[NH+]1CC(=O)NC1=N.[NH3+]CCc1c[nH]c2ccc(O)cc12
LS-84076				
LS-84086				
LS-84088				[Zn].CC[C@H](C)[C@H](NC(=O)CN)C(=O)N[C@@H](C(C)C)C(=O)N[C@@H](CCC(O)=O)C(=O)N[C@@H](CCC(N)=O)C(=O)N[C@H]1CSSC[C@@H]2NC(=O)[C@@H](NC(=O)[C@H](CO)NC(=O)[C@@H](NC(=O)[C@H](CSSC[C@H](NC(=O)[C@H](CC(C)C)NC(=O)[C@H](CC3C=NC=N3)NC(=O)[C@H](CCC(N)=O)NC(=O)[C@H](CC(N)=O)NC(=O)[C@@H](NC(=O)[C@@H](N)Cc3ccccc3)C(C)C)C(=O)NCC(=O)N[C@@H](CO)C(=O)N[C@@H](CC3C=NC=N3)C(=O)N[C@@H](CC(C)C)C(=O)N[C@@H](C(C)C)C(=O)N[C@@H](CCC(O)=O)C(=O)N[C@@H](C)C(=O)N[C@@H](CC(C)C)C(=O)N[C@@H](Cc3ccc(O)cc3)C(=O)N[C@@H](CC(C)C)C(=O)N[C@@H](C(C)C)C(=O)N[C@@H](CSSC[C@H](NC(=O)[C@H](Cc3ccc(O)cc3)NC(=O)[C@H](CC(N)=O)NC(=O)[C@H](CCC(O)=O)NC(=O)[C@H](CC(C)C)NC(=O)[C@H](CCC(N)=O)NC(=O)[C@H](Cc3ccc(O)cc3)NC(=O)[C@H](CC(C)C)NC(=O)[C@H](CO)NC2=O)C(=O)N[C@@H](CC(N)=O)C(O)=O)C(=O)NCC(=O)N[C@@H](CCC(O)=O)C(=O)N[C@@H](CCCNC(N)=N)C(=O)NCC(=O)N[C@@H](Cc2ccccc2)C(=O)N[C@@H](Cc2ccccc2)C(=O)N[C@@H](Cc2ccc(O)cc2)C(=O)N[C@@H]([C@@H](C)O)C(=O)N2CCC[C@H]2C(=O)N[C@@H](CCCCN)C(=O)N[C@@H](C(C)O)C(O)=O)NC1=O)[C@@H](C)O)[C@@H](C)CC
LS-84171				
LS-84260				
LS-84645				Fc1cc2OCC(=O)N(CC#C)c2cc1N1C(=O)C2=C(CCCC2)C1=O
LS-85123	pethidine	1690	CCOC(=O)C1(CCN(CC1)C)c2ccccc2	Cl.CCOC(=O)C1(CCN(C)CC1)c1ccccc1
LS-86580	leflunomide	1552	Cc1c(cno1)C(=O)Nc2ccc(cc2)C(F)(F)F	Cc1oncc1C(=O)Nc1ccc(cc1)C(F)(F)F
LS-86882				C[C@@H]1[C@@H]2NC[C@@H](C)C[C@H]2O[C@]11CC[C@H]2[C@@H]3CC=C4C[C@H](CC[C@]4(C)[C@H]3C(=O)C2=C1C)OC(C)=O
LS-86884				CCCCN1C[C@@H](C)C[C@H]2OC3(CC[C@H]4[C@@H]5CC=C6C[C@H](CC[C@]6(C)[C@H]5C(=O)[C@@H]4[C@H]3C)OC(C)=O)[C@H](C)[C@H]12
LS-86885				C[C@@H]1[C@@H]2NC[C@@H](C)C[C@H]2OC11CC[C@H]2[C@@H]3CC=C4C[C@@H](O)CC[C@]4(C)[C@H]3[C@H](O)[C@@H]2[C@H]1C
LS-86887				C[C@@H]1[C@@H]2NC[C@@H](C)C[C@H]2OC11CC[C@H]2[C@@H]3CC=C4C[C@@H](O)CC[C@]4(C)[C@H]3C(=O)[C@@H]2[C@H]1C
LS-86888				CC1[C@H]2[C@@H](CC(C)CN2C=O)O[C@]11CCC2C3CC=C4CC(O)CCC4(C)C3C(=O)C2=C1C
LS-86890				CC1[C@H]2[C@@H](CC(C)CN2C)O[C@]11CCC2C3CC=C4CC(O)CCC4(C)C3C(=O)C2=C1C
LS-86968	carubicin	510	C[C@H]1[C@H]([C@H](C[C@@H](O1)O[C@H]2C[C@@](Cc3c2c(c4c(c3O)C(=O)c5cccc(c5C4=O)O)O)(C(=O)C)O)N)O	CC1OC(CC(N)C1O)OC1C[C@@](O)(Cc2c(O)c3C(=O)c4cccc(O)c4C(=O)c3c(O)c12)C(C)=O
LS-87678				Cl[Pb]Cl
LS-87695				[Pb++].[O-][N+]([O-])=O.[O-][N+]([O-])=O
LS-87803	leucine	1557	CC(C)C[C@@H](C(=O)O)N	CC(C)C[C@H](N)C(O)=O
LS-87930				
LS-87932				OS(O)(=O)=O.CC[C@]1(O)C[C@H]2C[N@@](C1)CCc1c([nH]c3ccccc13)[C@@](C2)(C(=O)OC)c1cc2c(cc1OC)N(C=O)[C@@H]1[C@]22CCN3CC=C[C@](CC)([C@@H]23)[C@@H](OC(C)=O)[C@]1(O)C(=O)OC
LS-88038				
LS-88042				
LS-88061				[Li+].[Li+].[O-]C([O-])=O
LS-89180				OC[C@H]1O[C@@H](OC[C@H]2O[C@@H](OC(C#N)c3ccccc3)[C@H](O)[C@@H](O)[C@@H]2O)[C@H](O)[C@@H](O)[C@@H]1O
LS-89181				OCC1O[C@@H](OCC2O[C@@H](OC(C#N)c3ccccc3)C(O)C(O)[C@@H]2O)C(O)C(O)[C@@H]1O
LS-89192				[Mn]
LS-89205				Cl[Mn]Cl
LS-89217				
LS-89227				[Mn++].[O-]S([O-])(=O)=O
LS-89367				CO[C@@H]1\C=C\C=C(C)\Cc2cc(OC)c(Cl)c(c2)N(C)C(=O)C[C@H](OC(=O)[C@H](C)N(C)C(C)=O)[C@]2(C)O[C@H]2[C@H](C)[C@@H]2C[C@@]1(O)NC(=O)O2
LS-89552				[Hg]
LS-89741				C[Hg]NC(=N)NC#N
LS-89818				CS[Hg]C
LS-89823				C[Hg+]
LS-89948				C\C(\C=C\C=C(/C)\C=C\C1=C(C)CCCC1(C)C)=C\C=[N+](\C)[O-]
LS-90064	amsacrine	203	COc1cc(ccc1Nc2c3ccccc3nc4c2cccc4)NS(=O)(=O)C	CC(O)C(O)=O.COc1cc(NS(C)(=O)=O)ccc1Nc1c2ccccc2nc2ccccc12
LS-90599	pentazocine	3424	CC1C2Cc3ccc(cc3C1(CCN2CC=C(C)C)C)O	Cl.CC1[C@@H]2Cc3ccc(O)cc3[C@@]1(C)CCN2CC=C(C)C
LS-90611	phenazocine	2119	CC1C2Cc3ccc(cc3C1(CCN2CCc4ccccc4)C)O	Br.CC1C2Cc3ccc(O)cc3C1(C)CCN2CCc1ccccc1
LS-91032				C\[N+]([O-])=N/CO
LS-91413				[Na+].[Na+].[O-]S(=O)(=O)O[C@H]1C(-*)OC[C@@H](O-*)[C@@H]1OS([O-])(=O)=O
LS-91748	morphine	1845	CN1CC[C@]23c4c5ccc(c4O[C@H]2[C@H](C=C[C@H]3[C@H]1C5)O)O	CN1CC[C@@]23[C@H]4Oc5c2c(C[C@@H]1[C@@H]3C=C[C@@H]4O)ccc5O
LS-91760	diamorphine	4412	CC(=O)Oc1ccc2c3c1O[C@@H]4[C@]35CCN([C@H](C2)[C@@H]5C=C[C@@H]4OC(=O)C)C	CN1CC[C@@]23[C@H]4Oc5c2c(C[C@@H]1[C@@H]3C=C[C@@H]4OC(C)=O)ccc5OC(C)=O
LS-91761	diamorphine	4412	CC(=O)Oc1ccc2c3c1O[C@@H]4[C@]35CCN([C@H](C2)[C@@H]5C=C[C@@H]4OC(=O)C)C	Cl.CN1CC[C@@]23[C@H]4Oc5c2c(C[C@@H]1[C@@H]3C=C[C@@H]4OC(C)=O)ccc5OC(C)=O
LS-91903	ethylmorphine	3207	CCOc1ccc2c3c1O[C@@H]4[C@]35CCN([C@H](C2)[C@@H]5C=C[C@@H]4O)C	O.O.Cl.CCOc1ccc2C[C@@H]3[C@@H]4C=C[C@H](O)[C@@H]5Oc1c2[C@]45CCN3C
LS-92042	levorphanol	1574	CN1CC[C@]23CCCC[C@H]2[C@H]1Cc4c3cc(cc4)O	O[C@H]([C@@H](O)C(O)=O)C(O)=O.CN1CC[C@]23CCCC[C@H]2[C@H]1Cc1ccc(O)cc31
LS-92124	oxymorphone	2034	CN1CC[C@]23c4c5ccc(c4O[C@H]2C(=O)CC[C@]3([C@H]1C5)O)O	Cl.CN1CC[C@@]23[C@H]4Oc5c2c(C[C@@H]1[C@]3(O)CCC4=O)ccc5O
LS-92142	naloxone	1878	C=CCN1CC[C@]23c4c5ccc(c4O[C@H]2C(=O)CC[C@]3([C@H]1C5)O)O	Cl.Oc1ccc2C[C@H]3N(CC=C)CC[C@@]45[C@@H](Oc1c24)C(=O)CC[C@@]35O
LS-92153	hydromorphone	1393	CN1CC[C@]23c4c5ccc(c4O[C@H]2C(=O)CC[C@H]3[C@H]1C5)O	Cl.CN1CC[C@@]23[C@H]4Oc5c2c(C[C@@H]1[C@@H]3CCC4=O)ccc5O
LS-92160	hydrocodone	1386	CN1CC[C@]23c4c5ccc(c4O[C@H]2C(=O)CC[C@H]3[C@H]1C5)OC	O[C@H]([C@@H](O)C(O)=O)C(O)=O.COc1ccc2C[C@@H]3[C@@H]4CCC(=O)[C@@H]5Oc1c2[C@]45CCN3C
LS-92172				Cl.COC1=CC=C2[C@H]3Cc4ccc(OC)c5O[C@@H]1[C@]2(CCN3C)c45
LS-92545	xamoterol	2848	c1cc(ccc1O)OCC(CNCCNC(=O)N2CCOCC2)O	OC(=O)\C=C\C(O)=O.OC(CNCCNC(=O)N1CCOCC1)COc1ccc(O)cc1
LS-92802				CCCCCCCCCCCCCN1CC(C)OC(C)C1
LS-93134				CN1CCOCC1
LS-93724				C[C@H]([C@H]1[C@@H](C[C@H]2[C@@H]3CC=C4C[C@@H](O)CC[C@]4(C)[C@H]3CC[C@]12C)OC(C)=O)[C@H]1CC[C@@H](C)CN1
LS-93860	oxytetracycline	2041	C[C@]1(c2cccc(c2C(=O)C3=C([C@]4([C@@H]([C@H]([C@@H]31)O)[C@@H](C(=C(C4=O)C(=O)N)O)N(C)C)O)O)O)O	CN(C)[C@H]1[C@@H]2[C@@H](O)[C@H]3C(=C(O)[C@]2(O)C(=O)C(C(N)=O)=C1O)C(=O)c1c(O)cccc1[C@@]3(C)O
LS-94519				OC(=O)c1ccc2cc(ccc2c1)-c1ccc(O)c(c1)C12CC3CC(CC(C3)C1)C2
LS-94523				COc1ccc(cc1C1(C)CCCCC1)-c1ccc2cc(ccc2c1)C(O)=O
LS-94714				Brc1cc2c(Br)cc(Br)c(Br)c2c(Br)c1Br
LS-94936				[Na+].[Na+].Cc1cccc(c1)-c1ccc(\N=N\c2cc(\N=N\c3cc(c4ccccc4c3O)S([O-])(=O)=O)c(O)c3cccc(c23)S([O-])(=O)=O)c(C)c1
LS-94965				C\C(=C/c1ccc(C)cc1)c1ccc2c(c1)C(C)(C)CCC2(C)C
LS-95654	menadione	1683	CC1=CC(=O)c2ccccc2C1=O	CC1=CC(=O)c2ccccc2C1=O
LS-95904	tosufloxacin	2710	c1cc(c(cc1F)F)n2cc(c(=O)c3c2nc(c(c3)F)N4CCC(C4)N)C(=O)O	Cc1ccc(cc1)S(O)(=O)=O.NC1CCN(C1)c1nc2n(cc(C(O)=O)c(=O)c2cc1F)-c1ccc(F)cc1F
LS-96058	zinostatin	4108	Cc1cc(cc2c1ccc(c2C(=O)O[C@@H]3C=C/4C#C[C@]5([C@H](O5)C#C/C=C4/[C@H]3O[C@@H]6[C@@H]([C@H]([C@H]([C@H](O6)C)O)O)NC)[C@H]7COC(=O)O7)O)OC	CNC1C(OC2C(OC(=O)c3c(O)ccc4c(C)cc(OC)cc34)C=C3C#CC4(OC4C#C\C=C2/3)C2COC(=O)O2)OC(C)C(O)C1O
LS-96305				[Ni].[C-]#[O+].[C-]#[O+].[C-]#[O+].[C-]#[O+]
LS-96306				Cl[Ni]Cl
LS-96511	nicotine	1920	CN1CCC[C@H]1c2cccnc2	O[C@@H]([C@H](O)C(O)=O)C(O)=O.O[C@@H]([C@H](O)C(O)=O)C(O)=O.CN1CCCC1c1cccnc1
LS-96864	etretinate	1116	CCOC(=O)/C=C(\C)/C=C/C=C(\C)/C=C/c1c(cc(c(c1C)C)OC)C	CCOC(=O)\C=C(/C)\C=C\C=C(/C)\C=C\c1c(C)cc(OC)c(C)c1C
LS-97280				C[C@@H]1C(=O)OCC2=CCN3CC[C@@H](OC(=O)[C@@H](C)[C@@]1(C)O)[C@@H]23
LS-97403				C[C@]12CC[C@H]3[C@@H](CCC4=C3CC[C@H](O)C4)[C@@H]1CC[C@@]2(O)C#C
LS-97932				OS(=O)(=O)C(F)(F)C(F)(F)C(F)(F)C(F)(F)C(F)(F)C(F)(F)C(F)(F)C(F)(F)F
LS-97934				[K+].[O-]S(=O)(=O)C(F)(F)C(F)(F)C(F)(F)C(F)(F)C(F)(F)C(F)(F)C(F)(F)C(F)(F)F
LS-97998				[NH4+].[O-]C(=O)C(F)(F)C(F)(F)C(F)(F)C(F)(F)C(F)(F)C(F)(F)C(F)(F)F
LS-98069				C\C(\C=C\C=C(/C)c1ccc2c(c1)C(C)(C)CC2(C)C)=C/C(O)=O
LS-98070				C\C(\C=C\C=C\Cc1ccc2c(c1)C(C)(C)CCC2(C)C)=C/C(O)=O
LS-98071				CCOC(=O)\C=C(/C)\C=C\C=C\Cc1ccc2c(c1)C(C)(C)CCC2(C)C
LS-98252				
LS-98278	oleandomycin	1983	C[C@@H]1C[C@@H]([C@H]([C@@H](O1)O[C@H]2[C@H](C[C@@]3(CO3)C(=O)[C@@H]([C@H]([C@H]([C@H](OC(=O)[C@@H]([C@H]([C@@H]2C)O[C@H]4C[C@@H]([C@H]([C@@H](O4)C)O)OC)C)C)C)O)C)C)O)N(C)C	COC1CC(O[C@H]2[C@H](C)[C@@H](OC3OC(C)CC(C3O)N(C)C)[C@@H](C)C[C@]3(CO3)C(=O)[C@H](C)[C@@H](O)[C@@H](C)[C@@H](C)OC(=O)[C@@H]2C)OC(C)C1O
LS-98409				COC(=O)C(N)CCCNC(=N)N[N+]([O-])=O
LS-98813				C[C@H]1C2C(Cc3ccccc3)NC(=O)[C@]22OC(=O)\C=C\[C@H](O)CCC[C@@H](C)C\C=C\[C@H]2[C@H](O)C1=C
LS-99407				O=C(NN=C1CCCCC1)C(=O)NN=C1CCCCC1
LS-100216	oxaprozin	2013	c1ccc(cc1)c2c(oc(n2)CCC(=O)O)c3ccccc3	OC(=O)CCc1nc(c(o1)-c1ccccc1)-c1ccccc1
LS-100334	paramethadione	2059	CCC1(C(=O)N(C(=O)O1)C)C	CCC1(C)OC(=O)N(C)C1=O
LS-100998				CC(C)C[C@H](NC(=O)[C@H]1O[C@@H]1C(O)=O)C(=O)NCCCCNC(N)=N
LS-101118	oteracil	2002	c1([nH]c(=O)[nH]c(=O)n1)C(=O)O	[K+].[O-]C(=O)c1nc(=O)[nH]c(=O)[nH]1
LS-101123				O=O
LS-101125				FOF
LS-101130	oxytocin	2042	CC[C@H](C)[C@H]1C(=O)N[C@H](C(=O)N[C@H](C(=O)N[C@@H](CSSC[C@@H](C(=O)N[C@H](C(=O)N1)Cc2ccc(cc2)O)N)C(=O)N3CCC[C@H]3C(=O)N[C@@H](CC(C)C)C(=O)NCC(=O)N)CC(=O)N)CCC(=O)N	CCC(C)C1NC(=O)C(Cc2ccc(O)cc2)NC(=O)C(N)CSSCC(NC(=O)C(CC(N)=O)NC(=O)C(CCC(N)=O)NC1=O)C(=O)N1CCCC1C(=O)NC(CC(C)C)C(=O)NCC(N)=O
LS-101547				CCCC(C)Br
LS-101840				[Na+].CCCC(CC)C([O-])=O
LS-102101				[Na+].CCCC(CC=C)C([O-])=O
LS-102103				[Na+].CCCC(=C)CCC([O-])=O
LS-102310				[Na+].CCC[C@@H](CC#C)C([O-])=O
LS-102365				O.O.O.O.[NaH].OOB=O
LS-102367				[NH4+].[O-][Cl](=O)(=O)=O
LS-103365	methamphetamine	1732	C[C@@H](Cc1ccccc1)NC	Cl.CN[C@@H](C)Cc1ccccc1
LS-103366	methamphetamine	1732	C[C@@H](Cc1ccccc1)NC	Cl.CN[C@@H](C)Cc1ccccc1
LS-103418	selegiline	2429	C[C@H](Cc1ccccc1)N(C)CC#C	CC(Cc1ccccc1)N(C)CC#C
LS-103509	fenfluramine	1150	CCNC(C)Cc1cccc(c1)C(F)(F)F	Cl.CCNC(C)Cc1cccc(c1)C(F)(F)F
LS-103686	dexamfetamine	841	C[C@@H](Cc1ccccc1)N	OS(O)(=O)=O.C[C@H](N)Cc1ccccc1.C[C@H](N)Cc1ccccc1
LS-103730				COc1cc(CCN)cc(OC)c1OC
LS-104104				Oc1ccc(Br)cc1[N+]([O-])=O
LS-104244	pyronaridine	4339	COc1ccc2c(n1)c(c3ccc(cc3n2)Cl)Nc4cc(c(c(c4)CN5CCCC5)O)CN6CCCC6	OP(O)(O)=O.OP(O)(O)=O.OP(O)(O)=O.OP(O)(O)=O.COc1ccc2nc3cc(Cl)ccc3c(Nc3cc(CN4CCCC4)c(O)c(CN4CCCC4)c3)c2n1
LS-104700	prenalterol	2258	CC(C)NC[C@@H](COc1ccc(cc1)O)O	CC(C)NC[C@H](O)COc1ccc(O)cc1
LS-105149				C=O.C1CO1.CC(C)(C)CC(C)(C)c1ccc(O)cc1
LS-105361	chlorpromazine	621	CN(C)CCCN1c2ccccc2Sc3c1cc(cc3)Cl	CN(C)CCCN1c2ccccc2Sc2ccc(Cl)cc12
LS-105606				
LS-105735				CC(NC(=O)C(N)Cc1ccc(O)cc1)C(=O)NCC(=O)N(C)C(Cc1ccccc1)C(=O)NC(CO)CCS(C)=O
LS-106653				CCOP(=O)(OCC)C(O)C(Cl)(Cl)Cl
LS-106836				CN(C)P(=O)(N(C)C)n1nc(nc1N)-c1ccccc1
LS-107297				NCCCOP(O)(=O)N(CCCl)CCCl
LS-107406				COP(N)(=O)SC
LS-108241				COP(=S)(OC)SCN1C(=O)c2ccccc2C1=O
LS-108871				COP(=S)(OC)Oc1ccc(c(C)c1)[N+]([O-])=O
LS-108887				COP(=S)(OC)Oc1cc(Cl)c(Cl)cc1Cl
LS-108923				CCSCCOP(=S)(OC)OC.CCSCCSP(=O)(OC)OC
LS-108984				CCCCSP(=O)(SCCCC)SCCCC
LS-109024				COP(OC)OC
LS-109148	oxagrelate	2156	CCOC(=O)c1c(cc2c(n[nH]c(=O)c2c1C)CO)C	CCOC(=O)c1c(C)cc2c(CO)n[nH]c(=O)c2c1C
LS-109152	dihydralazine	884	c1ccc\2c(c1)/c(=N/N)/[nH][nH]/c2=N\N	NNc1nnc(NN)c2ccccc12
LS-109171	hydralazine	1384	c1ccc2c(c1)cnnc2NN	N\N=c1\[nH]ncc2ccccc12
LS-109511				O=C1N(C2CCCNC2=O)C(=O)c2ccccc12
LS-109526				O=C1N(Cc2ccccc12)C1CCC(=O)NC1=O
LS-109529				O=C1N(Cc2ccccc12)C1CCCNC1=O
LS-109568				
LS-109630				COC1=C(N)C(=O)c2nc(ccc2C1=O)-c1nc(C(O)=O)c(C)c(c1N)-c1ccc(OC)c(OC)c1O
LS-111205	chlorcyclizine	593	CN1CCN(CC1)C(c2ccccc2)c3ccc(cc3)Cl	CN1CCN(CC1)C(c1ccccc1)c1ccc(Cl)cc1
LS-111947	cyclizine	749	CN1CCN(CC1)C(c2ccccc2)c3ccccc3	Cl.Cl.CN1CCN(CC1)C(c1ccccc1)c1ccccc1
LS-112183				Cl.OCCN1CCN(CC1)C(=O)CN1C2C=C(Cl)C=CC2SC1=O
LS-112185	perphenazine	2113	c1ccc2c(c1)N(c3cc(ccc3S2)Cl)CCCN4CCN(CC4)CCO	OCCN1CCN(CCCN2c3ccccc3Sc3ccc(Cl)cc23)CC1
LS-112189				
LS-115644	femoxetine	3220	CN1CC[C@@H]([C@H](C1)COc2ccc(cc2)OC)c3ccccc3	Cl.COc1ccc(OC[C@H]2CN(C)CC[C@@H]2c2ccccc2)cc1
LS-115885	phencyclidine	2121	c1ccc(cc1)C2(CCCCC2)N3CCCCC3	C1CCN(CC1)C1(CCCCC1)c1ccccc1
LS-115889	phencyclidine	2121	c1ccc(cc1)C2(CCCCC2)N3CCCCC3	Cl.C1CCN(CC1)C1(CCCCC1)c1ccccc1
LS-116167	picoperine	3468	c1ccc(cc1)N(CCN2CCCCC2)Cc3ccccn3	Cl.C(CN1CCCCC1)N(Cc1ccccn1)c1ccccc1
LS-116499				[Cl-].C[N+]1(C)CCCCC1
LS-117392				
LS-117689				N[Pt]1(N)OC(=O)C2(CCC2)C(=O)O1
LS-117787				
LS-117948				
LS-117953				
LS-117954				
LS-117957				
LS-118373				
LS-118374				
LS-118424	prednisolone valerate acetate	2252	CCCCC(=O)O[C@@]1(CC[C@@H]2[C@@]1(C[C@@H]([C@H]3[C@H]2CCC4=CC(=O)C=C[C@]34C)O)C)C(=O)COC(=O)C	CCCCC(=O)O[C@@]1(CC[C@H]2[C@@H]3CCC4=CC(=O)C=C[C@]4(C)[C@H]3[C@@H](O)C[C@]12C)C(=O)COC(C)=O
LS-118427	halopredone acetate	1354	CC(=O)OCC(=O)[C@]1(CC[C@@H]2[C@@]1(C[C@@H]([C@]3([C@H]2C[C@H](C4=CC(=O)C(=C[C@@]43C)Br)F)F)O)C)OC(=O)C	CC(=O)OCC(=O)[C@]1(CC[C@H]2[C@@H]3C[C@@H](F)C4=CC(=O)C(Br)=C[C@]4(C)[C@@]3(F)[C@@H](O)C[C@]12C)OC(C)=O
LS-118428	diflorasone diacetate	4485	C[C@H]1C[C@H]2[C@@H]3C[C@@H](C4=CC(=O)C=C[C@@]4([C@]3([C@H](C[C@@]2([C@]1(C(=O)COC(=O)C)OC(=O)C)C)O)F)C)F	C[C@H]1C[C@H]2[C@@H]3C[C@H](F)C4=CC(=O)C=C[C@]4(C)[C@@]3(F)[C@@H](O)C[C@]2(C)[C@@]1(OC(C)=O)C(=O)COC(C)=O
LS-118439	beclometasone dipropionate	294	CCC(=O)OCC(=O)[C@]1([C@H](C[C@@H]2[C@@]1(C[C@@H]([C@]3([C@H]2CCC4=CC(=O)C=C[C@@]43C)Cl)O)C)C)OC(=O)CC	CCC(=O)OCC(=O)[C@@]1(OC(=O)CC)[C@@H](C)C[C@H]2[C@@H]3CCC4=CC(=O)C=C[C@]4(C)[C@@]3(Cl)[C@@H](O)C[C@]12C
LS-118441	mometasone furoate	1832	C[C@@H]1C[C@H]2[C@@H]3CCC4=CC(=O)C=C[C@@]4([C@]3([C@H](C[C@@]2([C@]1(C(=O)CCl)OC(=O)c5ccco5)C)O)Cl)C	C[C@@H]1C[C@H]2[C@@H]3CCC4=CC(=O)C=C[C@]4(C)[C@@]3(Cl)[C@@H](O)C[C@]2(C)[C@@]1(OC(=O)c1ccco1)C(=O)CCl
LS-118451	prednisolone farnesylate	2248	CC(=CCC/C(=C/CC/C(=C/C(=O)OCC(=O)[C@]1(CC[C@@H]2[C@@]1(C[C@@H]([C@H]3[C@H]2CCC4=CC(=O)C=C[C@]34C)O)C)O)/C)/C)C	CC(C)=CCC\C(C)=C\CC\C(C)=C\C(=O)OCC(=O)[C@@]1(O)CC[C@H]2[C@@H]3CCC4=CC(=O)C=C[C@]4(C)[C@H]3[C@@H](O)C[C@]12C
LS-118453	fluocortolone	1206	C[C@@H]1C[C@H]2[C@@H]3C[C@@H](C4=CC(=O)C=C[C@@]4([C@H]3[C@H](C[C@@]2([C@H]1C(=O)CO)C)O)C)F	C[C@@H]1C[C@H]2[C@@H]3C[C@H](F)C4=CC(=O)C=C[C@]4(C)[C@H]3[C@@H](O)C[C@]2(C)[C@H]1C(=O)CO
LS-118456	betamethasone valerate	354	CCCCC(=O)O[C@@]1([C@H](C[C@@H]2[C@@]1(C[C@@H]([C@]3([C@H]2CCC4=CC(=O)C=C[C@@]43C)F)O)C)C)C(=O)CO	CCCCC(=O)O[C@@]1([C@@H](C)C[C@H]2[C@@H]3CCC4=CC(=O)C=C[C@]4(C)[C@@]3(F)[C@@H](O)C[C@]12C)C(=O)CO
LS-118466	betamethasone	348	C[C@H]1C[C@H]2[C@@H]3CCC4=CC(=O)C=C[C@@]4([C@]3([C@H](C[C@@]2([C@]1(C(=O)CO)O)C)O)F)C	C[C@H]1C[C@H]2[C@@H]3CCC4=CC(=O)C=C[C@]4(C)[C@@]3(F)[C@@H](O)C[C@]2(C)[C@@]1(O)C(=O)CO
LS-118469	dexamethasone phosphate	3920	C[C@@H]1C[C@H]2[C@@H]3CCC4=CC(=O)C=C[C@@]4([C@]3([C@H](C[C@@]2([C@]1(C(=O)COP(=O)(O)O)O)C)O)F)C	C[C@@H]1C[C@H]2[C@@H]3CCC4=CC(=O)C=C[C@]4(C)[C@@]3(F)[C@@H](O)C[C@]2(C)[C@@]1(O)C(=O)COP(O)(O)=O
LS-118471	dexamethasone phosphate	3920	C[C@@H]1C[C@H]2[C@@H]3CCC4=CC(=O)C=C[C@@]4([C@]3([C@H](C[C@@]2([C@]1(C(=O)COP(=O)(O)O)O)C)O)F)C	[Na+].[Na+].C[C@@H]1C[C@H]2[C@@H]3CCC4=CC(=O)C=C[C@]4(C)[C@@]3(F)[C@@H](O)C[C@]2(C)[C@@]1(O)C(=O)COP([O-])([O-])=O
LS-118473	dexamethasone dipropionate	827	CCC(=O)OCC(=O)[C@]1([C@@H](C[C@@H]2[C@@]1(C[C@@H]([C@]3([C@H]2CCC4=CC(=O)C=C[C@@]43C)F)O)C)C)OC(=O)CC	CCC(=O)OCC(=O)[C@@]1(OC(=O)CC)[C@H](C)C[C@H]2[C@@H]3CCC4=CC(=O)C=C[C@]4(C)[C@@]3(F)[C@@H](O)C[C@]12C
LS-118474	betamethasone dipropionate	353	CCC(=O)OCC(=O)[C@]1([C@H](C[C@@H]2[C@@]1(C[C@@H]([C@]3([C@H]2CCC4=CC(=O)C=C[C@@]43C)F)O)C)C)OC(=O)CC	CCC(=O)OCC(=O)[C@@]1(OC(=O)CC)[C@@H](C)C[C@H]2[C@@H]3CCC4=CC(=O)C=C[C@]4(C)[C@@]3(F)[C@@H](O)C[C@]12C
LS-118505	methylprednisolone acetate	1770	C[C@H]1C[C@H]2[C@@H]3CC[C@@]([C@]3(C[C@@H]([C@@H]2[C@@]4(C1=CC(=O)C=C4)C)O)C)(C(=O)COC(=O)C)O	C[C@H]1C[C@H]2[C@@H]3CC[C@](O)(C(=O)COC(C)=O)[C@@]3(C)C[C@H](O)[C@@H]2[C@@]2(C)C=CC(=O)C=C12
LS-118507	methylprednisolone succinate	1771	C[C@H]1C[C@H]2[C@@H]3CC[C@@]([C@]3(C[C@@H]([C@@H]2[C@@]4(C1=CC(=O)C=C4)C)O)C)(C(=O)COC(=O)CCC(=O)O)O	[Na+].C[C@H]1C[C@H]2[C@@H]3CC[C@](O)(C(=O)COC(=O)CCC([O-])=O)[C@@]3(C)C[C@H](O)[C@@H]2[C@@]2(C)C=CC(=O)C=C12
LS-118513	meprednisone	1702	C[C@H]1C[C@H]2[C@@H]3CCC4=CC(=O)C=C[C@@]4([C@H]3C(=O)C[C@@]2([C@]1(C(=O)CO)O)C)C	CC1CC2C3CCC4=CC(=O)C=CC4(C)C3C(=O)CC2(C)[C@@]1(O)C(=O)CO
LS-118776	norethisterone	1962	C[C@]12CC[C@H]3[C@H]([C@@H]1CC[C@]2(C#C)O)CCC4=CC(=O)CC[C@H]34	C[C@]12CC[C@H]3[C@@H](CCC4=CC(=O)CCC34)[C@@H]1CC[C@@]2(O)C#C.C[C@]12CC[C@H]3[C@@H](CCc4cc(O)ccc34)[C@@H]1CC[C@@]2(O)C#C
LS-118822				
LS-119101	plafibride	2221	CC(C)(C(=O)NC(=O)NCN1CCOCC1)Oc2ccc(cc2)Cl	CC(C)(Oc1ccc(Cl)cc1)C(=O)NC(=O)NCN1CCOCC1
LS-121351				C[C@@H](Oc1ccc(Cl)cc1Cl)C(O)=O
LS-122410	propranolol	2303	CC(C)NCC(COc1cccc2c1cccc2)O	CC(C)NCC(O)COc1cccc2ccccc12
LS-123667				CC(C)CCCCCOC(=O)C=C
LS-124155				CCC(=O)N(C)C
LS-124738	naproxen	1883	C[C@@H](c1ccc2cc(ccc2c1)OC)C(=O)O	COc1ccc2cc(ccc2c1)[C@H](C)C(O)=O
LS-124897				NCCC#N
LS-124899			C(=C/C(=O)O)\C(=O)O	NCCC#N.NCCC#N.OC(=O)\C=C\C(O)=O
LS-124940				N#CCCNCCC#N
LS-125796				CN(CCCOc1ccc(Cl)cc1Cl)CC#C
LS-125823	dinoprostone	913	CCCCC[C@@H](/C=C/[C@H]1[C@@H](CC(=O)[C@@H]1C/C=C\CCCC(=O)O)O)O	CCCCC[C@H](O)\C=C\[C@H]1[C@H](O)CC(=O)[C@@H]1C\C=C/CCCC(O)=O
LS-125839				CCCCC[C@H](O)\C=C\[C@H]1[C@H](O)C[C@H](O)[C@@H]1C\C=C/CCCC(=O)OC
LS-125875				
LS-127116				
LS-127209	acyclovir	85	c1nc2c(=O)[nH]c(nc2n1COCCO)N	Nc1nc2n(COCCO)cnc2c(=O)[nH]1
LS-127465				COc1cc(=O)oc(\C=C\C=C\C=C\C(\C)=C\[C@]2(C)O[C@H](C)[C@](C)(O)[C@H]2O)c1C
LS-128077				Nc1c(c(nn1-c1c(Cl)cc(cc1Cl)C(F)(F)F)C#N)S(=O)C(F)(F)F
LS-130528				NC(=O)c1ccc(N)nc1
LS-131292	nimodipine	1937	CC1=C(C(C(=C(N1)C)C(=O)OC(C)C)c2cccc(c2)[N+](=O)[O-])C(=O)OCCOC	COCCOC(=O)C1=C(C)NC(C)=C(C1c1cccc(c1)[N+]([O-])=O)C(=O)OC(C)C
LS-131703				Cl.Cc1ncc(CO)c(C)c1O
LS-132033				CN1CCC(=CC1)c1ccccc1
LS-132643	pyridostigmine	2330	C[n+]1cccc(c1)OC(=O)N(C)C	CN(C)C(=O)Oc1ccc[n+](C)c1
LS-133257	pazufloxacin	2070	C[C@H]1COc2c(c(cc3c2n1cc(c3=O)C(=O)O)F)C4(CC4)N	C[C@H]1COc2c(c(F)cc3c2n1cc(C(O)=O)c3=O)C1(N)CC1
LS-133324				Cc1c2[nH]c3ccc(O)cc3c2c(C)c2cnccc12
LS-134189	pemirolast	2074	Cc1cccn2c1ncc(c2=O)c3[nH]nnn3	[K+].Cc1cccn2c1ncc(-c1nnn[n-]1)c2=O
LS-135589				O.O=C1NC(=O)C(=O)C(=O)N1
LS-135829				CCCCCCCCCCCCCCCC(=O)O[C@H]1[C@H](O)[C@@H](CO)O[C@H]1n1ccc(N)nc1=O
LS-136618	tolmetin	2699	Cc1ccc(cc1)C(=O)c2ccc(n2C)CC(=O)O	Cc1ccc(cc1)C(=O)c1ccc(CC(O)=O)n1C
LS-137112				C[C@H](\C=C\C=C(\C)[C@H]1CN[C@@H]([C@H]1CC(O)=O)C(O)=O)C(O)=O
LS-137113				[Na+].[Na+].[Na+].C[C@H](\C=C\C=C(\C)[C@H]1CN[C@@H]([C@H]1CC([O-])=O)C([O-])=O)C([O-])=O
LS-138026	dextromoramide	843	C[C@H](CN1CCOCC1)C(c2ccccc2)(c3ccccc3)C(=O)N4CCCC4	O[C@H]([C@@H](O)C(O)=O)C(O)=O.C[C@H](CN1CCOCC1)C(C(=O)N1CCCC1)(c1ccccc1)c1ccccc1
LS-138803				CCN1CCCC1=O
LS-139094	ketorolac	1529	c1ccc(cc1)C(=O)c2ccc3n2CCC3C(=O)O	OC(=O)C1CCn2c1ccc2C(=O)c1ccccc1
LS-139100				OCc1ccn2CCC(O)c12
LS-140050				Cl.CN1CCN(CC1)c1cc2n(cc(C(O)=O)c(=O)c2cc1F)-c1ccc(F)cn1
LS-141130	methaqualone	1739	Cc1ccccc1n2c(nc3ccccc3c2=O)C	Cc1ccccc1-n1c(C)nc2ccccc2c1=O
LS-141252	quinine	4523	COc1ccc2c(c1)c(ccn2)[C@H]([C@@H]3C[C@@H]4CC[N@]3C[C@@H]4C=C)O	COc1ccc2nccc([C@@H](O)[C@@H]3C[C@@H]4CC[N@]3C[C@@H]4C=C)c2c1
LS-141521	sparfloxacin	2466	C[C@H]1CN(C[C@H](N1)C)c2c(c(c3c(c2F)n(cc(c3=O)C(=O)O)C4CC4)N)F	C[C@H]1CN(C[C@@H](C)N1)c1c(F)c(N)c2c(c1F)n(cc(C(O)=O)c2=O)C1CC1
LS-142693	cilostazol	644	c1cc2c(cc1OCCCCc3nnnn3C4CCCCC4)CCC(=O)N2	O=C1CCc2cc(OCCCCc3nnnn3C3CCCCC3)ccc2N1
LS-143019				OCc1c(CO)[n+]([O-])c2ccccc2[n+]1[O-]
LS-143465	isotretinoin	1508	CC1=C(C(CCC1)(C)C)/C=C/C(=C/C=C/C(=C\C(=O)O)/C)/C	C\C(\C=C\C1=C(C)CCCC1(C)C)=C/C=C/C(/C)=C\C(O)=O
LS-143467				C\C(\C=C\C=C(/C)C#CC1=C(C)CCCC1(C)C)=C/C(O)=O
LS-143476	tretinoin	2722	CC1=C(C(CCC1)(C)C)/C=C/C(=C/C=C/C(=C/C(=O)O)/C)/C	[Na+].C\C(\C=C\C1=C(C)CCCC1(C)C)=C/C=C/C(/C)=C/C([O-])=O
LS-144707	calcipotriene	465	C[C@H](/C=C/[C@H](C1CC1)O)[C@H]2CC[C@@H]\3[C@@]2(CCC/C3=C\C=C/4\C[C@H](C[C@@H](C4=C)O)O)C	C[C@H](\C=C\[C@@H](O)C1CC1)[C@H]1CC[C@H]2\C(CCC[C@]12C)=C\C=C1\C[C@@H](O)C[C@H](O)C1=C
LS-144736				C[C@@H]([C@H]1[C@H](O)C[C@H]2[C@@H]3CC=C4C[C@@H](O)CC[C@]4(C)[C@H]3CC[C@]12C)[C@H]1CC[C@H](C)CN1
LS-144844				NNC(N)=O
LS-144889				CNC(=S)NNc1cc(cc(c1)C(F)(F)F)C(F)(F)F
LS-145579				
LS-145582				C[C@@H]1[C@@H]2CC[C@@H](C)CN2[C@H]2C[C@H]3[C@@H]4CC[C@H]5C[C@@H](O)CC[C@]5(C)[C@H]4CC[C@]3(C)[C@@H]12
LS-145587				C[C@@H]1[C@@H]2CC[C@@H](C)CN2[C@H]2C[C@H]3[C@@H]4CC=C5C[C@@H](O)CC[C@]5(C)[C@H]4CC[C@]3(C)[C@@H]12
LS-145597				
LS-145598				
LS-145621				C[C@H]1[C@H]2[C@H](C[C@H]3[C@@H]4CC=C5C[C@@H](O)CC[C@]5(C)[C@H]4CC[C@]23C)OC11CC[C@@H](C)CN1
LS-145833				C[C@@H]1[C@@H]2NC[C@@H](C)C[C@H]2O[C@]11CC[C@H]2[C@@H]3CC=C4C[C@@H](O)CC[C@]4(C)[C@H]3C(=O)C2=C1C
LS-145834				C[C@@H]1[C@@H]2NC[C@@H](C)C[C@H]2O[C@]11CC[C@H]2[C@@H]3CCC4=CC(=O)CC[C@]4(C)[C@H]3CC2=C1C
LS-146127				Cl.CCN1CCC2(COc3cc4CCN(C(=O)c5ccc(cc5)-c5ccc(cc5C)-c5nnc(C)o5)c4cc23)CC1
LS-146490				Cl[Sn](c1ccccc1)(c1ccccc1)c1ccccc1
LS-147053	streptomycin	2481	C[C@H]1[C@@]([C@H]([C@@H](O1)O[C@@H]2[C@H]([C@@H]([C@H]([C@@H]([C@H]2O)O)NC(=N)N)O)NC(=N)N)O[C@H]3[C@H]([C@@H]([C@H]([C@@H](O3)CO)O)O)NC)(C=O)O	CN[C@H]1[C@H](O)[C@@H](O)[C@H](CO)O[C@H]1O[C@H]1[C@H](O[C@H]2[C@H](O)[C@@H](O)[C@H](NC(N)=N)[C@@H](O)[C@@H]2NC(N)=N)O[C@@H](C)[C@]1(O)C=O
LS-147580	methsuximide	1758	CC1(CC(=O)N(C1=O)C)c2ccccc2	CN1C(=O)CC(C)(C1=O)c1ccccc1
LS-147585	ethosuximide	1087	CCC1(CC(=O)NC1=O)C	CCC1(C)CC(=O)NC1=O
LS-147620	phensuximide	2139	CN1C(=O)CC(C1=O)c2ccccc2	CN1C(=O)CC(C1=O)c1ccccc1
LS-147838	sulfadiazine	2500	c1cnc(nc1)NS(=O)(=O)c2ccc(cc2)N	Nc1ccc(cc1)S(=O)(=O)Nc1ncccn1
LS-148268				FS(F)(=O)=O
LS-148687				O=[Te]=O
LS-149017				NNNN
LS-150238				Nc1nncs1
LS-150244				Cl.Nc1nncs1
LS-150296				C(Nc1nncs1)Nc1nncs1
LS-150463	temocapril	2586	CCOC(=O)[C@H](CCc1ccccc1)N[C@H]2CS[C@@H](CN(C2=O)CC(=O)O)c3cccs3	Cl.CCOC(=O)[C@H](CCc1ccccc1)NC1CS[C@@H](CN(CC(O)=O)C1=O)c1cccs1
LS-153821	dextrothyroxine	846	c1c(cc(c(c1I)Oc2cc(c(c(c2)I)O)I)I)C[C@H](C(=O)O)N	[Na+].N[C@H](Cc1cc(I)c(Oc2cc(I)c(O)c(I)c2)c(I)c1)C([O-])=O
LS-153940				
LS-154890				CN(C)\N=N\c1cccnc1
LS-154897				CCN(C)\N=N\c1cccnc1
LS-154898				CC\N=N\Nc1ccccc1
LS-155132				CCNc1nc(NCC)nc(SC)n1
LS-155249	lamotrigine	1540	c1cc(c(c(c1)Cl)Cl)c2c(nc(nn2)N)N	Nc1nnc(c(N)n1)-c1cccc(Cl)c1Cl
LS-155402				OC[C@H]1O[C@H]([C@H](O)[C@@H]1O)n1ncc(=O)[nH]c1=O
LS-156938	etizolam	1102	CCc1cc2c(s1)-n3c(nnc3CN=C2c4ccccc4Cl)C	CCc1cc2c(s1)-n1c(C)nnc1CN=C2c1ccccc1Cl
LS-157030				CC(=O)OC[C@]12CCC(C)=C[C@H]1O[C@@H]1[C@H](O)[C@@H](OC(C)=O)[C@@]2(C)[C@]11CO1
LS-157043				
LS-157234	clomifene	700	CCN(CC)CCOc1ccc(cc1)/C(=C(/c2ccccc2)\Cl)/c3ccccc3	CCN(CC)CCOc1ccc(cc1)C(=C(/Cl)c1ccccc1)\c1ccccc1
LS-157237	clomifene	700	CCN(CC)CCOc1ccc(cc1)/C(=C(/c2ccccc2)\Cl)/c3ccccc3	OC(=O)CC(O)(CC(O)=O)C(O)=O.CCN(CC)CCOc1ccc(cc1)C(=C(/Cl)c1ccccc1)\c1ccccc1
LS-157759	cocaine	723	CN1[C@H]2CC[C@@H]1[C@H]([C@H](C2)OC(=O)c3ccccc3)C(=O)OC	COC(=O)[C@@H]1C2CCC(C[C@@H]1OC(=O)c1ccccc1)N2C
LS-157760	cocaine	723	CN1[C@H]2CC[C@@H]1[C@H]([C@H](C2)OC(=O)c3ccccc3)C(=O)OC	Cl.COC(=O)[C@@H]1[C@H]2CC[C@H](C[C@@H]1OC(=O)c1ccccc1)N2C
LS-157826				
LS-157932				Cl.CN1C2CCC1CC(C2)OC(=O)c1ccccc1
LS-158689	tegafur	4398	c1c(c(=O)[nH]c(=O)n1C2CCCO2)F	O=c1cc[nH]c(=O)[nH]1.Fc1cn(C2CCCO2)c(=O)[nH]c1=O
LS-158850	nimustine	3384	Cc1ncc(c(n1)N)CNC(=O)N(CCCl)N=O	Cl.Cc1ncc(CNC(=O)N(CCCl)N=O)c(N)n1
LS-158891				CNC(=O)Nc1nc2ccccc2[nH]1
LS-159278	carbutamide	505	CCCCNC(=O)NS(=O)(=O)c1ccc(cc1)N	CCCCNC(=O)NS(=O)(=O)c1ccc(N)cc1
LS-159288	tolbutamide	2696	CCCCNC(=O)NS(=O)(=O)c1ccc(cc1)C	[Na+].CCCCNC(=O)[N-]S(=O)(=O)c1ccc(C)cc1
LS-159544				CN(C)C(=O)Nc1ccc(Oc2ccc(Cl)cc2)cc1
LS-160226				[Na+].[O-]N=O.CCNC(N)=O
LS-160227				
LS-160232				CCNC(N)=S
LS-160467				Br.CNNCc1ccc(cc1)C(=O)NC(N)=O
LS-160532				
LS-160537				CNC(N)=S
LS-160628	phenacemide	2114	c1ccc(cc1)CC(=O)NC(=O)N	NC(=O)NC(=O)Cc1ccccc1
LS-160820	floxuridine	1184	c1c(c(=O)[nH]c(=O)n1[C@H]2C[C@@H]([C@H](O2)CO)O)F	OC[C@H]1O[C@H](C[C@@H]1O)n1cc(F)c(=O)[nH]c1=O
LS-160825	idoxuridine	1417	c1c(c(=O)[nH]c(=O)n1[C@H]2C[C@@H]([C@H](O2)CO)O)I	OC[C@H]1O[C@H](C[C@@H]1O)n1cc(I)c(=O)[nH]c1=O
LS-160997	valpromide	2804	CCCC(CCC)C(=O)N	CCCC(CCC)C(N)=O
LS-161174	valproic acid	2803	CCCC(CCC)C(=O)O	[Na+].CCCC(CCC)C([O-])=O
LS-161199	verapamil	2815	CC(C)C(CCCN(C)CCc1ccc(c(c1)OC)OC)(C#N)c2ccc(c(c2)OC)OC	Cl.COc1ccc(CCN(C)CCCC(C#N)(C(C)C)c2ccc(OC)c(OC)c2)cc1OC
LS-161321	penicillamine	2081	CC(C)([C@H](C(=O)O)N)S	CC(C)(S)[C@@H](N)C(O)=O
LS-161564				
LS-161931				
LS-162059				
LS-162171				OS(O)(=O)=O.CC[C@]1(O)C[C@@H]2C[N@](C1)CCc1c([nH]c3ccccc13)[C@@](C2)(C(=O)OC)c1cc2c(cc1OC)N(C)[C@@H]1[C@]22CCN3CC=C[C@](CC)([C@@H]23)[C@@H](OC(C)=O)[C@]1(O)C(=O)OC
LS-162266				
LS-162653				CN(\C=N\c1ccc(C)cc1C)\C=N\c1ccc(C)cc1C
LS-162738				COC(=O)[C@H]1[C@@H](O)CC[C@H]2CN3CCc4c([nH]c5ccccc45)[C@@H]3C[C@H]12
LS-162768				Cl[Yb](Cl)Cl
LS-162886				[Zn++].[O-]S([O-])(=O)=O
LS-182472				Clc1ccc(Cl)c(c1)-c1c(Cl)ccc(Cl)c1Cl
LS-183111				CC1(C)OC(=O)C(=C1c1ccc(cc1)S(C)(=O)=O)c1cccc(F)c1
LS-184227				
LS-184745				
LS-185019	esmolol	1054	CC(C)NCC(COc1ccc(cc1)CCC(=O)OC)O	COC(=O)CCc1ccc(OCC(O)CNC(C)C)cc1
LS-185085	fluoxetine	1209	CNCCC(c1ccccc1)Oc2ccc(cc2)C(F)(F)F	Cl.CNCCC(Oc1ccc(cc1)C(F)(F)F)c1ccccc1
LS-185685				CC1OC(CNO)C(=S)N(C1C)S(=O)(=O)c1ccc(Oc2ccncc2)cc1
LS-185846				OCCC(F)(F)C(F)(F)C(F)(F)C(F)(F)C(F)(F)C(F)(F)C(F)(F)C(F)(F)F
LS-190484				[NH4+].[Al+3].[O-]S([O-])(=O)=O.[O-]S([O-])(=O)=O
LS-190945				
LS-192989				
LS-195708				CCCCC(CCC)COC(=O)c1ccccc1C(=O)OCCC(CC)CC
LS-196770				CCCCCCCOC(=O)c1ccccc1C(=O)OCCCCCCC
LS-197220				Cc1nc(C)c(Cl)c(NCc2ccc(Oc3ccc4ncc([N+]([O-])=O)n4n3)cc2)n1
LS-198338				CONC(=O)C1C(C)(C)C1(C)C
LS-198701				COc1cc(CC(=O)Nc2ccc(cc2)[C@@H](CC(O)=O)NC(=O)CCCC(O)=O)ccc1NC(=O)Nc1ccccc1C
LS-418522				
LS-458629				CC(C#N)C1CCC(C#N)c2ccccc12
LS-1077342				
